:020000040800F2
:100000000000022039710008A9120008AB12000894
:10001000AD120008AF120008B11200080000000085
:1000200000000000000000000000000081540008F3
:10003000B312000800000000215500087D4F0008A1
:10004000897100088971000889710008B5120008DB
:100050008971000889710008897100088971000898
:100060008971000889710008897100088971000888
:100070008971000889710008897100088971000878
:10008000897100088971000889710008000000006A
:10009000000000000000000000000000897100085E
:1000A0008971000889710008897100088971000848
:1000B00089710008C512000889710008897100085B
:1000C0008971000889710008897100088971000828
:1000D000897100088971000889710008000000001A
:1000E000897100088971000889710008000000000A
:1000F00000000000000000000000000089710008FE
:1001000000000000897100088971000889710008E9
:1001100000000000000000000000000000000000DF
:10012000D5120008E5120008F512000889710008D0
:1001300089710008000000000000000000000000BD
:1001400000000000000000000000000089710008AD
:10015000897100080513000889710008151300084B
:10016000897100088971000800000000000000008B
:10017000000000000000000000000000000000007F
:10018000000000008971000800000000000000006D
:08019000897100088971000863
:1001A00081F0004102E000BF83F0004330B54FEA28
:1001B00041044FEA430594EA050F08BF90EA020F95
:1001C0001FBF54EA000C55EA020C7FEA645C7FEA28
:1001D000655C00F0E2804FEA5454D4EB5555B8BF4B
:1001E0006D420CDD2C4480EA020281EA030382EABC
:1001F000000083EA010180EA020281EA0303362D4E
:1002000088BF30BD11F0004F4FEA01314FF4801C20
:100210004CEA113102D0404261EB410113F0004F32
:100220004FEA03334CEA133302D0524263EB4303E9
:1002300094EA050F00F0A780A4F10104D5F1200E87
:100240000DDB02FA0EFC22FA05F2801841F10001E2
:1002500003FA0EF2801843FA05F359410EE0A5F1B6
:1002600020050EF1200E012A03FA0EFC28BF4CF0E7
:10027000020C43FA05F3C01851EBE37101F000459D
:1002800007D54FF0000EDCF1000C7EEB00006EEBAA
:100290000101B1F5801F1BD3B1F5001F0CD3490834
:1002A0005FEA30004FEA3C0C04F101044FEA44528B
:1002B00012F5800F80F09A80BCF1004F08BF5FEA12
:1002C000500C50F1000041EB045141EA050130BDF2
:1002D0005FEA4C0C404141EB0101013C28BFB1F504
:1002E000801FE9D291F0000F04BF01460020B1FA4F
:1002F00081F308BF2033A3F10B03B3F120020CDA22
:100300000C3208DD02F1140CC2F10C0201FA0CF0FF
:1003100021FA02F10CE002F11402D8BFC2F1200C64
:1003200001FA02F120FA0CFCDCBF41EA0C0190401A
:10033000E41AA2BF01EB0451294330BD6FEA040463
:100340001F3C1CDA0C340EDC04F11404C4F120024E
:1003500020FA04F001FA02F340EA030021FA04F360
:1003600045EA030130BDC4F10C04C4F1200220FAB7
:1003700002F001FA04F340EA0300294630BD21FAF5
:1003800004F0294630BD94F0000F83F4801306BFBB
:1003900081F480110134013D4EE77FEA645C18BFAF
:1003A0007FEA655C29D094EA050F08BF90EA020F46
:1003B00005D054EA000C04BF1946104630BD91EA3E
:1003C000030F1EBF0021002030BD5FEA545C05D141
:1003D0004000494128BF41F0004130BD14F5800480
:1003E0003CBF01F5801130BD01F0004545F0FE41F4
:1003F00041F470014FF0000030BD7FEA645C1ABF29
:10040000194610467FEA655C1CBF0B46024650EA5F
:10041000013406BF52EA033591EA030F41F400218B
:1004200030BD00BF90F0000F04BF0021704730B511
:100430004FF4806404F132044FF000054FF00001E6
:1004400050E700BF90F0000F04BF0021704730B5A7
:100450004FF4806404F1320410F0004548BF40427C
:100460004FF000013EE700BF42004FEAE2014FEAD1
:1004700031014FEA02701FBF12F07F4393F07F4FAC
:1004800081F06051704732F07F4208BF704793F0AF
:100490007F4F04BF41F40021704730B54FF46074C2
:1004A00001F0004521F000411CE700BF50EA0102C5
:1004B00008BF704730B54FF000050AE050EA01026E
:1004C00008BF704730B511F0004502D5404261EBDE
:1004D00041014FF4806404F132045FEA915C3FF41F
:1004E000D8AE4FF003025FEADC0C18BF03325FEABC
:1004F000DC0C18BF033202EBDC02C2F1200300FA6D
:1005000003FC20FA02F001FA03FE40EA0E0021FA91
:1005100002F11444BDE600BF4FF0FF3C06E000BF0F
:100520004FF0010C02E000BF4FF0010C4DF804CD7C
:100530004FEA410C7FEA6C5C4FEA430C18BF7FEA3C
:100540006C5C1BD001B050EA410C0CBF52EA430C6A
:1005500091EA030F02BF90EA020F0020704710F1EA
:10056000000F91EA030F58BF994208BF90422CBF79
:10057000D8176FEAE37040F0010070474FEA410C72
:100580007FEA6C5C02D150EA013C07D14FEA430C90
:100590007FEA6C5CD6D152EA033CD3D05DF8040B01
:1005A000704700BF8446104662468C461946634633
:1005B00000E000BF01B5FFF7B7FF002848BF10F10A
:1005C000000F01BD4DF808EDFFF7F4FF0CBF01204F
:1005D00000205DF808FB00BF4DF808EDFFF7EAFFCB
:1005E00034BF012000205DF808FB00BF4DF808ED86
:1005F000FFF7E0FF94BF012000205DF808FB00BF7B
:100600004DF808EDFFF7CEFF94BF012000205DF804
:1006100008FB00BF4DF808EDFFF7C4FF34BF012011
:1006200000205DF808FB00BF53B94AB9002908BF94
:1006300000281CBF4FF0FF314FF0FF3000F00CB826
:10064000ADF1080C6DE904CE06F0A0FDDDF804E084
:10065000DDE9022304B07047704700BF00000000CE
:1006600001F0FF01102A2BDB10F0070F08D010F863
:10067000013B013A8B422DD010F0070F42B3F6D167
:10068000F0B441EA012141EA014122F007047FF080
:1006900000070023F0E80256083C85EA010586EAD7
:1006A000010685FA47F5A3FA87F586FA47F6A5FA13
:1006B00087F68EB9EED1F0BC01F0FF0102F007021F
:1006C00032B110F8013B013A83EA010313B1F8D1CA
:1006D0000020704701387047002D06BF35460338AB
:1006E000073815F0010F07D1013015F4807F02BFE4
:1006F000013015F4C03F0130F0BC0138704700BF35
:10070000034613F8012B002AFBD1181A0138704751
:1007100070B54FF0FF0C4CF4E06C1CEA11541DBF97
:100720001CEA135594EA0C0F95EA0C0F00F0DEF862
:100730002C4481EA030621EA4C5123EA4C5350EA47
:10074000013518BF52EA033541F4801143F4801398
:1007500038D0A0FB02CE4FF00005E1FB02E506F029
:100760000042E0FB03E54FF00006E1FB03569CF07E
:10077000000F18BF4EF0010EA4F1FF04B6F5007F84
:1007800064F5407404D25FEA4E0E6D4146EB0606F6
:1007900042EAC62141EA55514FEAC52040EA5E507F
:1007A0004FEACE2EB4F1FD0C88BFBCF5E06F1ED829
:1007B000BEF1004F08BF5FEA500E50F1000041EB60
:1007C000045170BD06F0004646EA010140EA02000D
:1007D00081EA0301B4EB5C04C2BFD4EB0C0541EA2F
:1007E000045170BD41F480114FF0000E013C00F344
:1007F000AB8014F1360FDEBF002001F0004170BD68
:10080000C4F10004203C35DA0C341BDC04F1140480
:10081000C4F1200500FA05F320FA04F001FA05F20C
:1008200040EA020001F0004221F0004110EBD370D9
:1008300021FA04F642EB06015EEA430E08BF20EA05
:10084000D37070BDC4F10C04C4F1200500FA04F3A8
:1008500020FA05F001FA04F240EA020001F000413A
:1008600010EBD37041F100015EEA430E08BF20EAAD
:10087000D37070BDC4F1200500FA05F24EEA020EF5
:1008800020FA04F301FA05F243EA020321FA04F024
:1008900001F0004121FA04F220EA020000EBD370DB
:1008A0005EEA430E08BF20EAD37070BD94F0000FDB
:1008B0000FD101F00046400041EB010111F4801F0F
:1008C00008BF013CF7D041EA060195F0000F18BFC0
:1008D000704703F00046520043EB030313F4801FFC
:1008E00008BF013DF7D043EA0603704794EA0C0FB6
:1008F0000CEA135518BF95EA0C0F0CD050EA4106CC
:1009000018BF52EA4306D1D181EA030101F0004148
:100910004FF0000070BD50EA410606BF1046194670
:1009200052EA430619D094EA0C0F02D150EA01367C
:1009300013D195EA0C0F05D152EA03361CBF1046BD
:1009400019460AD181EA030101F0004141F0FE415C
:1009500041F470014FF0000070BD41F0FE4141F4E0
:10096000780170BD70B54FF0FF0C4CF4E06C1CEAE0
:1009700011541DBF1CEA135594EA0C0F95EA0C0F95
:1009800000F0A7F8A4EB050481EA030E52EA033550
:100990004FEA013100F088804FEA03334FF0805571
:1009A00045EA131343EA12634FEA022245EA11159E
:1009B00045EA10654FEA00260EF000419D4208BF4F
:1009C000964244F1FD0404F5407402D25B084FEAFC
:1009D0003202B61A65EB03055B084FEA32024FF4A8
:1009E00080104FF4002CB6EB020E75EB030E22BF05
:1009F000B61A754640EA0C005B084FEA3202B6EBC5
:100A0000020E75EB030E22BFB61A754640EA5C0073
:100A10005B084FEA3202B6EB020E75EB030E22BF03
:100A2000B61A754640EA9C005B084FEA3202B6EB04
:100A3000020E75EB030E22BFB61A754640EADC00C3
:100A400055EA060E18D04FEA051545EA16754FEA25
:100A500006164FEAC30343EA52734FEAC2025FEA43
:100A60001C1CC0D111F4801F0BD141EA00014FF0D2
:100A700000004FF0004CB6E711F4801F04BF0143A3
:100A80000020B4F1FD0C88BFBCF5E06F3FF6AFAEBF
:100A9000B5EB030C04BFB6EB020C5FEA500C50F14F
:100AA000000041EB045170BD0EF0004E4EEA1131D2
:100AB00014EB5C04C2BFD4EB0C0541EA045170BDD9
:100AC00041F480114FF0000E013C90E645EA060E1D
:100AD0008DE60CEA135594EA0C0F08BF95EA0C0F4B
:100AE0003FF43BAF94EA0C0F0AD150EA01347FF493
:100AF00034AF95EA0C0F7FF425AF104619462CE76A
:100B000095EA0C0F06D152EA03353FF4FDAE1046CC
:100B1000194622E750EA410618BF52EA43067FF41D
:100B2000C5AE50EA41047FF40DAF52EA43057FF4AD
:100B3000EBAE12E74FEA410C7FEA6C5C02D150EA5F
:100B4000013C0AD14FEA430C7FEA6C5C02D152EAC5
:100B5000033C02D14FF0000070474FF00100704796
:100B60004FEA410212F5001215D211D56FF47873D5
:100B7000B3EB625212D94FEAC12343F0004343EA78
:100B8000505311F0004F23FA02F018BF4042704753
:100B90004FF00000704750EA013005D111F00040DD
:100BA00008BF6FF0004070474FF00000704700BF73
:100BB0000348044B834202D0034B03B118477047EC
:100BC000E4010020E4010020000000000548064B7D
:100BD0001B1AD90F01EBA301491002D0034B03B13B
:100BE00018477047E4010020E401002000000000E5
:100BF00010B5064C237843B9FFF7DAFF044B13B165
:100C00000448AFF300800123237010BDE4010020ED
:100C100000000000B09D000808B5054B1BB1054958
:100C20000548AFF30080BDE80840FFF7CFBF00BF25
:100C300000000000E8010020B09D000800B585B06C
:100C4000002300930193029303931548154A026011
:100C50004FF48032426083600361037680F8203075
:100C6000C362114A8262C3600122C26180F83030DF
:100C7000426101F0EBFB60B9012300930193002373
:100C800002936946064801F00DFC28B905B05DF8ED
:100C900004FB00F027F9EFE700F024F9F6E700BFC6
:100CA00060020020002001400100000F30B589B033
:100CB000002303930493059306930793026803F1BB
:100CC000804303F590339A4201D009B030BD044609
:100CD0000025019503F58C335A6C42F480725A64F6
:100CE0005A6C02F480720192019A02951A6B42F0DA
:100CF00001021A631B6B03F001030293029B0223A0
:100D000003930323049303A9104801F069FF1048DB
:100D1000104B036045608560C5604FF480630361DC
:100D20004FF4006343614FF4005383614FF48073C9
:100D3000C3610562456201F06FFD18B9044BA363FE
:100D40009C63C2E700F0CEF8F8E700BF0000024065
:100D5000000200201064024010B582B0002401940B
:100D6000154B1A6B42F480021A631B6B03F4800369
:100D70000193019B22460521382001F0BDFC38205B
:100D800001F0CAFC22460521392001F0B5FC3920CA
:100D900001F0C2FC224605213A2001F0ADFC3A20C8
:100DA00001F0BAFC22460521452001F0A5FC4520B2
:100DB00001F0B2FC02B010BD0038024008B50120BD
:100DC00004F02DFAFBE7000008B5074A00210748A8
:100DD00004F04DF9064B1860064A0021064804F05D
:100DE00046F9064B186008BD349E0008BD0D00088A
:100DF000AC020020109E0008A1210008A8020020DB
:100E00002DE9F04188B003AD0024039404940594C7
:100E10000694079400942A4B1A6B42F004021A635A
:100E20001A6B02F004020092009A01941A6B42F0CD
:100E300001021A631A6B02F001020192019A0294F4
:100E40001A6B42F002021A631B6B03F00203029357
:100E5000029B1C4E22465121304601F0A5FF012283
:100E60004FF46041304601F09FFFDFF85C8022467E
:100E70004FF40041404601F097FF512303930127AF
:100E80000497059406942946304601F0A9FE4FF4D4
:100E90006043039304970594022306932946304642
:100EA00001F09EFE4FF400430393049705940694CB
:100EB0002946404601F094FE08B0BDE8F08100BF2D
:100EC00000380240000402400000024008B50268F9
:100ED000034B9A4200D008BD01F00CFAFBE700BFBB
:100EE0000004004072B6FEE710B594B008AC3022A2
:100EF0000021204607F02AF800230393049305936A
:100F00000693079301931F4A116C41F080511164BD
:100F1000126C02F080520192019A02931A4A1168EF
:100F200041F440411160126802F440420292029A78
:100F30000A22089201220B9210210C910D9202229A
:100F40000E920F930823109364231193129204239B
:100F50001393204601F038FF80B90F230393022337
:100F60000493002305934FF48052069207930321C4
:100F700003A802F079F918B914B010BDFFF7B2FF59
:100F8000FFF7B0FF003802400070004008B501F0E4
:100F900097F9FFF7A9FF00F0C5FBFFF731FFFFF757
:100FA000DBFEFFF74BFE00F00FF800F0DDFA00F07B
:100FB000F5FA00F065FA00F08BF803F0EBFFFFF7AD
:100FC00003FF03F0F9FFFEE700B587B000230193AC
:100FD000029303930493059300932448244A0260E8
:100FE00043607F228260FF22C260036143618361AC
:100FF00002F038FB68BB11238DF8043059238DF8BB
:10100000053055238DF80630002304930593012203
:1010100001A9164802F080FBF0B907238DF80030D3
:1010200005238DF8013021238DF8023023238DF81C
:101030000330012269460D4802F0CEFB78B9002248
:101040004FF4FA61094802F015FC58B907B05DF891
:1010500004FBFFF747FFCEE7FFF744FFDDE7FFF7AD
:1010600041FFECE7FFF73EFFF0E700BFB0020020D2
:101070000028004000B587B000230093019302933D
:1010800003930493059302680F4B9A4202D007B072
:101090005DF804FB022300934FF400730493684649
:1010A00002F0D6F960B9094B0122C3F83C2E0022A8
:1010B0000521032001F020FB032001F02DFBE6E7D2
:1010C000FFF710FFEFE700BF002800400000474295
:1010D00008B50E480E4B03604FF482734360002343
:1010E0008360C360036143614FF400728261182220
:1010F000C2610362436283620A23C36202F00CFD91
:1011000000B908BDFFF7EEFEFBE700BF300300208B
:101110000030014030B589B0002303930493059358
:10112000069307930268224B9A4201D009B030BD62
:1011300004460025019503F584335A6C42F480522D
:101140005A645A6C02F480520192019A02951A6B09
:1011500042F002021A631B6B03F002030293029B2C
:101160002823039302230493032306930523079361
:1011700003A9104801F034FD0F48104B03604FF0F5
:101180008063436040238360C5604FF480630361E4
:1011900045618561C5610562456201F03DFB18B995
:1011A000054BA3649C63C1E7FFF79CFEF8E700BF13
:1011B0000030014000040240D002002040640240A0
:1011C00000B583B0002200920D4B596C41F4804170
:1011D0005964596C01F48041009100990192196C95
:1011E00041F0805119641B6C03F080530193019B03
:1011F0000F216FF0010001F07FFA03B05DF804FBEE
:101200000038024030B589B0044600230193214BD9
:101210001A6C42F002021A641B6C03F00203019381
:10122000019B02A903A802F0F5F8069BCBB902F0D6
:10123000D1F80346184AA2FB03239B0C013B174835
:10124000174A026040F2E732C26043600023036144
:101250008360836102F08EFF054630B1284609B0F5
:1012600030BD02F0B7F84300E4E70C4802F042FE5C
:1012700005460028F2D11D2001F04EFA0F2C01D9AD
:101280000125EBE7002221461D2001F035FA054B30
:101290001C60E3E70038024083DE1B438803002024
:1012A0000004004014000020FEE7FEE7FEE7FEE732
:1012B000FEE7704708B5024802F072FB08BD00BFA8
:1012C000B002002008B5024802F053FE08BD00BF7E
:1012D0008803002008B5024801F094FB08BD00BF58
:1012E0000002002008B5024801F08CFB08BD00BFD9
:1012F0007C04002008B5024801F084FB08BD00BF53
:10130000D002002008B5024801F07CFB08BD00BFF8
:101310001C04002008B5024803F016FC08BD00BFFD
:10132000DC0400200120704708B506F061FE16239A
:1013300003604FF0FF3008BD08B54FF0FF31FFF7F5
:10134000F3FFFEE770B50C461646002506E0AFF346
:101350000080214601F8010B01350C46B542F6DB51
:10136000304670BD70B50C461646002504E014F8F2
:10137000010BAFF300800135B542F8DB304670BD9C
:101380004FF0FF3070474FF400534B600020704720
:10139000012070470020704710B503460C4A0D49E4
:1013A0000D48006840B10C4800680344521A93424B
:1013B00006D8094A136010BD0748084C0460F2E7DC
:1013C00006F016FE0C2303604FF0FF30F3E700BF7A
:1013D0000000022000040000D0030020E85000209C
:1013E000034AD2F8883043F47003C2F8883070475B
:1013F00000ED00E00268094B9A4200D0704782B0CD
:1014000000230193064B5A6C42F001025A645B6C54
:1014100003F001030193019B02B0704700000140FB
:101420000038024000B587B0002301930293039374
:101430000493059302680F4B9A4202D007B05DF8FF
:1014400004FB002300930C4B1A6B42F001021A6359
:101450001B6B03F001030093009B4FF48073019317
:10146000022302930123059301A9044801F0B8FB6C
:10147000E4E700BF000001400038024000000240E5
:1014800010B596B0002412941394149415941094EB
:10149000119409940A940B940C940D940E940F9447
:1014A0002022214601A806F051FD2D482D4B036056
:1014B0006323436084604FF49673C36004614461A6
:1014C000846102F057FE002837D14FF48053129305
:1014D00012A9234802F04FFF002831D1204802F022
:1014E00075FE00282FD100231093119310A91C48DA
:1014F00003F042F850BB6023099300220A920B923A
:101500000C920D920E920F9209A9154802F0B8FEA6
:10151000F8B90023019302930393049305934FF4C6
:1015200000520692089301A90D4803F063F898B998
:101530000B48FFF777FF16B010BDFFF7D3FCC4E7E9
:10154000FFF7D0FCCAE7FFF7CDFCCCE7FFF7CAFCFA
:10155000D1E7FFF7C7FCDCE7FFF7C4FCE8E700BF13
:10156000D40300200000014008B50A480A4B03607C
:101570004FF4E133436000238360C36003610C22B6
:1015800042618361C36103F098F900B908BDFFF7B8
:10159000A9FCFBE7240500200010014008B50A481B
:1015A0000A4B03604FF4E133436000238360C36060
:1015B00003610C2242618361C36103F07EF900B9CB
:1015C00008BDFFF78FFCFBE7DC040020001401409E
:1015D00030B58BB0002305930693079308930993C6
:1015E0000368484A934205D00446474A934225D0AF
:1015F0000BB030BD00210191444B5A6C42F01002F7
:101600005A645A6C02F010020192019A02911A6B0C
:1016100042F001021A631B6B03F001030293029B69
:101620004FF4C06305930223069303230893072313
:10163000099305A9364801F0D3FAD9E700250395A7
:10164000324B5A6C42F020025A645A6C02F020026B
:101650000392039A04951A6B42F001021A631B6B02
:1016600003F001030493049B4FF4C053059302233A
:101670000693032308930823099305A9244801F03E
:10168000AFFA2448244B03604FF020634360856029
:10169000C5604FF48063036145618561C5614FF4A6
:1016A00040330362456201F0B7F828BB194BE3638E
:1016B0009C631A481A4B03604FF020634360402339
:1016C00083600023C3604FF48062026143618361E1
:1016D000C3614FF480320262436201F09DF870B939
:1016E0000E4BA3639C6300220521472001F004F800
:1016F000472001F011F87BE7FFF7F4FBD6E7FFF78F
:10170000F1FBEDE7001001400014014000380240F9
:10171000000002407C040020286402401C040020D9
:10172000A0640240074B1B68074AA2FB0312920CFD
:1017300006490A70064AA2FB03239B09054A136067
:10174000704700BF0000002083DE1B4370050020AF
:10175000D34D62106C05002010B44FF0E0235C699B
:101760000C4A126802FB00FC9B69002104E0E01AAD
:1017700002441144614509D21A464FF0E0239B69A7
:101780009A42FAD0F3D9D21A1144F3E75DF8044B28
:10179000704700BF6C0500200368064A934207D0DB
:1017A00002F58062934201D0032070470020704709
:1017B000012070470010014008B5FFF7EDFF032836
:1017C00007D000EBC000034B03EB80035B6803B161
:1017D000984708BD7405002008B5FFF7DDFF032812
:1017E00007D000EBC000034B03EB8003DB6803B1C1
:1017F000984708BD7405002008B5FFF7CDFF032802
:1018000007D000EBC000034B03EB80039B6803B1E0
:10181000984708BD7405002008B5FFF7BDFF0328F1
:1018200007D000EBC000034B03EB80031B6903B13F
:10183000984708BD7405002018B1012803D103485A
:101840007047034870470020704700BF2405002000
:10185000DC0400202DE9F84381460F4615469846E2
:10186000BDF82060013B013A9BB292B200F0A6F8AD
:1018700008E0304600F082F80134A4B2AC42F8D35C
:101880000137BFB2474501D24C46F7E700F058F8A0
:10189000BDE8F8832DE9F04188B003AC0023039341
:1018A000049305930693079301931D4A116B41F02E
:1018B00001011163116B01F0010101910199029382
:1018C000136B43F002031363136B03F002030293E1
:1018D000029B502303930125049503230693114E85
:1018E0002146304601F07CF94FF40048CDF80C80D9
:1018F0000D4F2146384601F073F92A464021304603
:1019000001F052FA2A461021304601F04DFA2A46DB
:101910004146384601F048FA08B0BDE8F08100BF02
:1019200000380240000402400000024008B50022D6
:101930001021024801F038FA08BD00BF000402403F
:1019400008B501221021024801F02EFA08BD00BF9F
:101950000004024000B583B08DF807006423012223
:101960000DF10701024802F036F903B05DF804FBFF
:101970003003002008B5FFF7EDFF08BD10B50446A1
:10198000000AFFF7E7FFE0B2FFF7E4FF10BD000039
:1019900038B50446084D00224FF40041284601F0B6
:1019A00003FA2046FFF7D6FF01224FF400412846F4
:1019B00001F0FAF938BD00BF00000240F8B5074653
:1019C0000D4616461C46FFF7B1FF2A20FFF7E0FF41
:1019D0003846FFF7D3FF3046FFF7D0FF2B20FFF745
:1019E000D7FF2846FFF7CAFF2046FFF7C7FF2C2086
:1019F000FFF7CEFFF8BD0000431FDBB25F2B04D81A
:101A0000024B1B6800EB400058637047D403002072
:101A100008B50021014802F03DFD08BDD4030020B7
:101A200010B5FFF737FFFE4C00224021204601F0A1
:101A3000BBF96420FFF790FE01224021204601F00F
:101A4000B3F96420FFF788FEFFF770FFEF20FFF780
:101A50009FFFFFF775FFFFF769FFEB20FFF798FF88
:101A60001420FFF787FFFFF76BFFFFF75FFFFE20F4
:101A7000FFF78EFFFFF764FFFFF758FFEF20FFF738
:101A800087FFFFF75DFFFFF751FFEB20FFF780FFB8
:101A90001420FFF76FFFFFF753FFFFF747FF842086
:101AA000FFF776FF4020FFF765FFFFF749FFFFF7DD
:101AB0003DFF8520FFF76CFFFF20FFF75BFFFFF77F
:101AC0003FFFFFF733FF8620FFF762FFFF20FFF79E
:101AD00051FFFFF735FFFFF729FF8720FFF758FF7A
:101AE000FF20FFF747FFFFF72BFFFFF71FFF8820BF
:101AF000FFF74EFF0A20FFF73DFFFFF721FFFFF73B
:101B000015FF8920FFF744FF2120FFF733FFFFF780
:101B100017FFFFF70BFF8A20FFF73AFF0020FFF7C0
:101B200029FFFFF70DFFFFF701FF8B20FFF730FFC5
:101B30008020FFF71FFFFFF703FFFFF7F7FE8C2062
:101B4000FFF726FF0120FFF715FFFFF7F9FEFFF76C
:101B5000EDFE8D20FFF71CFF0120FFF70BFFFFF7C5
:101B6000EFFEFFF7E3FE8E20FFF712FFFF20FFF7E7
:101B700001FFFFF7E5FEFFF7D9FE8F20FFF708FF13
:101B8000FF20FFF7F7FEFFF7DBFEFFF7CFFEB620E3
:101B9000FFF7FEFE0020FFF7EDFE2020FFF7EAFE34
:101BA000FFF7CEFEFFF7C2FE3620FFF7F1FE08205A
:101BB000FFF7E0FEFFF7C4FEFFF7B8FE3A20FFF79D
:101BC000E7FE0520FFF7D6FEFFF7BAFEFFF7AEFEF1
:101BD0009020FFF7DDFE0820FFF7CCFE0820FFF77E
:101BE000C9FE0820FFF7C6FE0820FFF7C3FEFFF777
:101BF000A7FEFFF79BFEBD20FFF7CAFE0620FFF7FA
:101C0000B9FEFFF79DFEFFF791FEBC20FFF7C0FE77
:101C10000020FFF7AFFEFFF793FEFFF787FEFF20E0
:101C2000FFF7B6FE6020FFF7A5FE0120FFF7A2FE3A
:101C30000420FFF79FFEFFF783FEFFF777FEC32028
:101C4000FFF7A6FE1320FFF795FEFFF779FEFFF7DB
:101C50006DFEC420FFF79CFE1320FFF78BFEFFF7FD
:101C60006FFEFFF763FEC920FFF792FE2220FFF709
:101C700081FEFFF765FEFFF759FEBE20FFF788FEE5
:101C80001120FFF777FEFFF75BFEFFF74FFEE12025
:101C9000FFF77EFE1020FFF76DFE0E20FFF76AFEB5
:101CA000FFF74EFEFFF742FEDF20FFF771FE212017
:101CB000FFF760FE0C20FFF75DFE0220FFF75AFEE3
:101CC000FFF73EFEFFF732FEF020FFF761FE4520F2
:101CD000FFF750FE0920FFF74DFE0820FFF74AFEF0
:101CE0000820FFF747FE2620FFF744FE2A20FFF7D3
:101CF00041FEFFF725FEFFF719FEF120FFF748FE32
:101D00004320FFF737FE7020FFF734FE7220FFF705
:101D100031FE3620FFF72EFE3720FFF72BFE6F2017
:101D2000FFF728FEFFF70CFEFFF700FEF220FFF79B
:101D30002FFE4520FFF71EFE0920FFF71BFE08209F
:101D4000FFF718FE0820FFF715FE2620FFF712FE0A
:101D50002A20FFF70FFEFFF7F3FDFFF7E7FDF32063
:101D6000FFF716FE4320FFF705FE7020FFF702FE87
:101D70007220FFF7FFFD3620FFF7FCFD3720FFF74D
:101D8000F9FD6F20FFF7F6FDFFF7DAFDFFF7CEFD57
:101D9000ED20FFF7FDFD1B20FFF7ECFD0B20FFF70B
:101DA000E9FDFFF7CDFDFFF7C1FDAE20FFF7F0FD28
:101DB0007720FFF7DFFDFFF7C3FDFFF7B7FDCD206D
:101DC000FFF7E6FD6320FFF7D5FDFFF7B9FDFFF74D
:101DD000ADFD7020FFF7DCFD0720FFF7CBFD0720EE
:101DE000FFF7C8FD0420FFF7C5FD0E20FFF7C2FD79
:101DF0000F20FFF7BFFD0920FFF7BCFD0720FFF70D
:101E0000B9FD0820FFF7B6FD0320FFF7B3FDFFF78C
:101E100097FDFFF78BFDE820FFF7BAFD02E000BF5A
:101E2000000402403420FFF7A5FDFFF789FDFFF70E
:101E30007DFD6220FFF7ACFD1820FFF79BFD0D2014
:101E4000FFF798FD7120FFF795FDED20FFF792FD5C
:101E50007020FFF78FFD7020FFF78CFD1820FFF733
:101E600089FD0F20FFF786FD7120FFF783FDEF202E
:101E7000FFF780FD7020FFF77DFD7020FFF77AFDF2
:101E8000FFF75EFDFFF752FD6320FFF781FD18208D
:101E9000FFF770FD1120FFF76DFD7120FFF76AFD60
:101EA000F120FFF767FD7020FFF764FD7020FFF75A
:101EB00061FD1820FFF75EFD1320FFF75BFD712029
:101EC000FFF758FDF320FFF755FD7020FFF752FD97
:101ED0007020FFF74FFDFFF733FDFFF727FD64206C
:101EE000FFF756FD2820FFF745FD2920FFF742FDAB
:101EF000F120FFF73FFD0120FFF73CFDF120FFF748
:101F000039FD0020FFF736FD0720FFF733FDFFF70F
:101F100017FDFFF70BFD6620FFF73AFD3C20FFF7AA
:101F200029FD0020FFF726FDCD20FFF723FD6720C8
:101F3000FFF720FD4520FFF71DFD4520FFF71AFDA7
:101F40001020FFF717FD0020FFF714FD0020FFF71A
:101F500011FD0020FFF70EFDFFF7F2FCFFF7E6FC96
:101F60006720FFF715FD0020FFF704FD3C20FFF779
:101F700001FD0020FFF7FEFC0020FFF7FBFC002026
:101F8000FFF7F8FC0120FFF7F5FC5420FFF7F2FC07
:101F90001020FFF7EFFC3220FFF7ECFC9820FFF752
:101FA000E9FCFFF7CDFCFFF7C1FC7420FFF7F0FC64
:101FB0001020FFF7DFFC8520FFF7DCFC8020FFF717
:101FC000D9FC0020FFF7D6FC0020FFF7D3FC4E2001
:101FD000FFF7D0FC0020FFF7CDFCFFF7B1FCFFF7C7
:101FE000A5FC9820FFF7D4FC3E20FFF7C3FC072098
:101FF000FFF7C0FCFFF7A4FCFFF798FC3520FFF7C4
:10200000C7FCFFF79DFCFFF791FC2020FFF7C0FC09
:10201000FFF796FCFFF78AFC1120FFF7B9FCFFF7EA
:102020008FFC7820FFF798FBFFF780FC2920FFF753
:10203000AFFCFFF785FC1420FFF78EFB10BD00BF3F
:1020400008B50020FFF7F8FB4022044902F084FFA6
:1020500000B908BD4FF0FF30FBE700BFBC05002012
:10206000202A2FD830B591B00D461446AA238DF8FA
:1020700000308DF801008DF802200DF1030005F00D
:10208000E4FF0023184604E0EA5C1044C0B20133C8
:10209000DBB2A342F8D304F143036B4403F8400CD2
:1020A00004F144036B44552203F8402C0020FFF751
:1020B000C3FB4FF0FF33621D694602F02EFC20B9CE
:1020C00011B030BD4FF0FF3070474FF0FF30F7E7F1
:1020D00038B5184B1B78AA2B22D10546154A9378A0
:1020E0000433D35C552B1ED111465378037094787A
:1020F000447022460331023005F0A7FF00231A4640
:1021000005E0E91889780A44D2B20133DBB29C4277
:10211000F7D80334074B1B5D934207D1002038BD2D
:102120004FF0FF30FBE74FF0FF30F8E76FF00100B2
:10213000F5E700BFBC05002030B58BB002F094FF7E
:10214000134BA3FB00352D0902F084FF044603E086
:102150002C44204603F071F802F0E3FF02F0E5FFA3
:102160000C4B18620C4A13680133136004220B49AC
:102170001046FFF775FF14220021012002F0FAFF3C
:102180000128E5D101A8FFF7A3FFFFF759FFDFE71B
:10219000D34D621008060020FC050020040000203A
:1021A00010B502F025FF0F4A00210F4802F05FFF33
:1021B0000E4C20600E4A00210E4802F058FF60606D
:1021C0000D4A00210D4802F052FFA0600C4803F0B8
:1021D0004CF8606102F021FF02F0A3FF02F0B2FFB1
:1021E00010BD00BFC89E00086D2200080806002030
:1021F000A49E000805220008809E000839210008DE
:10220000709E000830B583B002F02EFF144BA3FB84
:1022100000356D0902F01EFF0446FFF701FCFFF7D1
:10222000F7FB5020FFF7E8FB4FF6FF730093F02316
:102230001A4600210846FFF70DFB02F072FF02F07C
:1022400074FF084BD861084A1368013313604FF4D8
:10225000FA7002F0E4FF2C44204602F0EEFFECE7B7
:10226000D34D6210080600200006002038B502F0A9
:10227000FBFE0F4BA3FB00356D0902F0EBFE04469D
:1022800002F04FFF02F051FF0A4B986101210A480A
:1022900000F090FD094A1368013313604FF4FA709F
:1022A00002F0BDFF2C44204602F0C7FFE8E700BF64
:1022B000D34D6210080600200004024004060020EE
:1022C00008B50B4B1A6842F400721A601A6842F49F
:1022D00080621A601A6842F480721A60032000F06B
:1022E000F9F90F20FEF78EFFFEF76AFF002008BD08
:1022F000003C0240034A1168034B1B780B441360F7
:10230000704700BF4406002010000020014B1868F1
:10231000704700BF440600204A4B5A6822F44032FE
:102320005A605A6841680A435A600268536823F445
:102330008073536002685368016943EA0123536064
:102340000268536823F040735360026853688168E1
:102350000B4353600268936823F400639360026840
:102360009368C1680B439360826A374B9A4257D097
:102370000268936823F07063936002689368816ACF
:102380000B4393600268936823F0405393600268A4
:102390009368C16A0B4393600268936823F0020359
:1023A000936002689368017E43EA4103936090F86A
:1023B0002030002B3FD00268536843F40063536021
:1023C0000268536823F46043536001684B68426AB3
:1023D000013A43EA42334B600268D36A23F4700344
:1023E000D3620168CB6AC269013A43EA0253CB6205
:1023F0000268936823F4007393600268936890F80E
:10240000301043EA412393600268936823F48063A9
:10241000936002689368416943EA8123936070473F
:102420000268936823F0706393600268936823F0F6
:1024300040539360B0E70268536823F4006353602D
:10244000CAE700BF002301400100000F38B310B5F8
:102450000446036C43B1236C13F0100F0BD0012022
:10246000002384F83C3010BDFEF720FC0023636499
:1024700084F83C30EFE7236C23F4885323F0020305
:1024800043F0020323642046FFF746FF0020606408
:10249000236C23F0030343F001032364E0E70120EE
:1024A0007047000030B482B00022019290F83C20C6
:1024B000012A00F0C0800346012280F83C200A680F
:1024C000092A40D90468E06892B202EB42021E3A3F
:1024D0004FF0070C0CFA02F220EA0202E2601C68DC
:1024E000E0680A8802EB42021E3A8D6805FA02F2A1
:1024F0000243E2604A68062A3CD81C68606B02EB23
:102500008202053A4FF01F0C0CFA02F220EA020296
:1025100062631C68606B4A6802EB8202053AB1F89C
:1025200000C00CFA02F2024362631868434A904208
:1025300050D01868414A904259D0002083F83C009E
:1025400002B030BC70470468206992B202EB4202CC
:102550004FF0070C0CFA02F220EA020222611C681A
:1025600020690A8802EB42028D6805FA02F20243F2
:102570002261BFE70C2A16D81D68286B02EB820285
:10258000233A1F2404FA02F220EA02022A631D6899
:10259000286B4A6802EB8202233A0C8804FA02F2A2
:1025A00002432A63C1E71D68E86A02EB8202413AEE
:1025B0001F2404FA02F220EA0202EA621D68E86AB5
:1025C0004A6802EB8202413A0C8804FA02F20243A2
:1025D000EA62AAE70A68122AABD1194A506820F4C5
:1025E00000005060506840F480005060A1E70A6825
:1025F0001448824201D0112A9FD1114A506820F418
:1026000080005060506840F40000506009680D4A36
:10261000914292D10C4A12680C49A1FB0212920C11
:1026200002EB820252000192019A002A85D0019A9F
:10263000013A0192F8E7022082E700BF0020014042
:1026400000230140120000100000002083DE1B4325
:10265000002807DB00F01F02400901239340024AD3
:1026600042F82030704700BF00E100E0002808DB9E
:102670000901C9B200F1604000F5614080F8001323
:10268000704700F00F000901C9B2014B195470479F
:1026900014ED00E000B500F00700C0F1070CBCF13C
:1026A000040F28BF4FF0040C031D062B0FD9C31EC7
:1026B0004FF0FF3E0EFA0CF021EA000199400EFAAD
:1026C00003FE22EA0E0241EA02005DF804FB002349
:1026D000EEE70000074AD36823F4E0631B041B0CF9
:1026E000000200F4E060034343F0BF6343F40033AF
:1026F000D360704700ED00E010B50446054BD86884
:10270000C0F30220FFF7C6FF01462046FFF7AEFFE9
:1027100010BD00BF00ED00E008B5FFF799FF08BD50
:1027200030B405682C6824F480242C60046863604D
:102730008368402B05D0036899600368DA6030BC79
:10274000704703689A600368D960F8E710B40368BB
:10275000D9B210390A4AA2FB01421209094CA25C03
:10276000C2655F2907D96FF3090304338365806D60
:102770005DF8044B70476FF309038365F7E700BF0B
:10278000ABAAAAAAEC9E0008836A826992B9012BBF
:102790000AD0022B02D00BB100207047C36A13F09D
:1027A000807F28D100207047C36AB3F1C07F24D056
:1027B00000207047B2F5005F09D0022B25D9032B0A
:1027C00025D1C36A13F0807F23D100207047032BEB
:1027D00003D8DFE803F01404140A00207047C36A2A
:1027E00013F0807F0DD100207047C36AB3F1C07F22
:1027F00009D0002070470120704701207047012058
:102800007047012070470120704701207047002069
:10281000704701207047000070B50446FFF776FD51
:10282000002C5BD00546022384F83530002384F861
:1028300034302268136823F00103136023681A6898
:1028400012F0010F0AD0FFF761FD431B052BF5D9EC
:1028500020236365032084F8350070BD1A68204981
:1028600011406268A0680243E068024320690243A5
:1028700060690243A0690243E0690243206A02439F
:102880000A43616A04291ED01A602668756925F01A
:102890000705636A1D43042B07D1A36A1D43E36A3E
:1028A0001BB12046FFF770FF90B975612046FFF716
:1028B0004DFFE26D3F23934083600020606501235C
:1028C00084F83530C9E7E16A206B01430A43DBE74E
:1028D00040236365012084F83500BEE70120BCE792
:1028E0003F8010F038B50446856D90F8340001281B
:1028F0002AD0012084F8340094F83500012804D04F
:10290000002384F83430022038BD022084F83500DA
:10291000002060652046FFF703FFE26D3F239340F0
:10292000AB602268136843F016031360236C23B175
:102930002268136843F0080313602268136843F0A9
:10294000010313600020DFE70220DDE770B50446D5
:10295000866DFFF7DBFC94F83530022B06D0802320
:102960006365002384F83430012070BD0546226879
:10297000136823F0160313602268536923F0800361
:102980005361236CE3B12268136823F008031360DA
:102990002268136823F00103136023681B6813F097
:1029A000010F11D0FFF7B2FC431B052BF5D92023F3
:1029B0006365032084F83500002384F83430D4E7BD
:1029C000A36C002BDFD1E3E7E26D3F239340B360BC
:1029D000012384F83530002084F83400C5E790F8EE
:1029E0003530022B03D08023436501207047052337
:1029F00080F835300268136823F00103136000206B
:102A000070470000F0B583B0044600230193724B79
:102A10001D68724BA3FB0535AD0A876D3E68C26D1C
:102A200008239340334210D003681A6812F0040F51
:102A30000BD01A6822F004021A60C26D082393407A
:102A4000BB60436D43F001034365E26D0123934096
:102A5000334209D02268526912F0800F04D0BB6063
:102A6000636D43F002036365E26D042393403342D8
:102A700009D02268126812F0020F04D0BB60636DA7
:102A800043F004036365E26D10239340334224D086
:102A90002268126812F0080F1FD0BB6023681A6802
:102AA00012F4802F0DD01B6813F4002F04D1236C77
:102AB0009BB12046984710E0A36C73B1204698471D
:102AC0000BE01A6812F4807F03D11A6822F0080222
:102AD0001A60236C0BB120469847E26D2023934087
:102AE000334254D02268126812F0100F4FD0BB60EE
:102AF00094F83530052B0ED023681A6812F4802F15
:102B000033D01B6813F4002F2AD1636C002B3ED006
:102B1000204698473BE02268136823F016031360B1
:102B20002268536923F080035361236CA3B12268A8
:102B3000136823F008031360E26D3F239340BB60EA
:102B4000012384F83530002384F83430236D002BC2
:102B50003FD0204698473CE0A36C002BE7D1EBE741
:102B6000E36BA3B12046984711E01A6812F4807F06
:102B700009D11A6822F010021A60012384F8353056
:102B8000002384F83430E36B0BB120469847636D23
:102B9000FBB1636D13F0010F17D0052384F83530B6
:102BA0002268136823F001031360019B0133019332
:102BB000AB4204D823681B6813F0010FF5D1012341
:102BC00084F83530002384F83430E36C0BB12046B0
:102BD000984703B0F0BD00BF00000020B5814E1B38
:102BE00000230F2B00F2D78070B582B065E08568B6
:102BF0004FEA430E032404FA0EF425EA0405CC68D8
:102C000004FA0EF42C438460446824EA02044A68FF
:102C1000C2F300129A40224342605CE0DC080834B0
:102C200050F8242003F00705AD004FF00F0E0EFA08
:102C300005FE22EA0E0E0A69AA4042EA0E0240F898
:102C400024205CE0042200E0002202FA0EF22A4373
:102C50000234514D45F82420504A94686FEA0C0222
:102C600024EA0C054E6816F4801F01D04CEA0405D6
:102C70004A4CA560E46802EA04054E6816F4001F99
:102C800001D04CEA0405454CE560646802EA04059D
:102C90004E6816F4003F01D04CEA04053F4C6560D5
:102CA000246822404D6815F4803F01D04CEA0402AC
:102CB0003A4C226001330F2B6BD801229A400C68EA
:102CC00004EA020C32EA0404F4D14C6804F0030470
:102CD000013C012C8BD94A6802F00302032A09D077
:102CE000C4685D000322AA4024EA02048A68AA405C
:102CF0002243C2604A6802F00302022A8ED00468AE
:102D00004FEA430E032202FA0EF224EA02044A6852
:102D100002F0030202FA0EF2224302604A6812F441
:102D2000403FC7D0002201921D4A546C44F48044B5
:102D30005464526C02F480420192019A9C08A51CD2
:102D4000154A52F8255003F0030E4FEA8E0E0F225B
:102D500002FA0EF225EA0205124A90423FF474AFDD
:102D600002F5806290420ED002F5806290420CD053
:102D700002F5806290420AD002F5806290423FF4F0
:102D800061AF072261E701225FE702225DE70322CC
:102D90005BE702B070BD704700380140003C014065
:102DA00000380240000002400AB181617047090406
:102DB00081617047436901EA030221EA030141EAA4
:102DC0000241816170470000002800F0E08170B589
:102DD00082B00446036813F0010F3BD09F4B9B6801
:102DE00003F00C03042B2CD09C4B9B6803F00C03CA
:102DF000082B21D06368B3F5803F4FD0B3F5A02FE7
:102E000052D0964B1A6822F480321A601A6822F463
:102E100080221A606368002B50D0FFF777FA0546CE
:102E20008E4B1B6813F4003F14D1FFF76FFA401B61
:102E30006428F5D90320B1E1884B5B6813F4800F57
:102E4000D8D0864B1B6813F4003F03D06368002B77
:102E500000F09F81236813F0020F54D07F4B9B68D2
:102E600013F00C0F3ED07D4B9B6803F00C03082B36
:102E700033D0E368002B68D0794B01221A60FFF74A
:102E800045FA0546754B1B6813F0020F54D1FFF746
:102E90003DFA401B0228F5D903207FE16F4A1368F1
:102EA00043F480331360B5E76C4B1A6842F4802218
:102EB0001A601A6842F480321A60ABE7FFF726FA0C
:102EC0000546664B1B6813F4003FC3D0FFF71EFA9C
:102ED000401B6428F5D9032060E1604B5B6813F464
:102EE000800FC6D15D4B1B6813F0020F03D0E3685F
:102EF000012B40F05081594A136823F0F8032169EF
:102F000043EAC1031360236813F0080F42D06369DA
:102F10006BB3534B0122C3F8802EFFF7F7F9054638
:102F20004E4B5B6F13F0020F34D1FFF7EFF9401BEC
:102F30000228F5D9032031E1484A136823F0F80349
:102F4000216943EAC1031360DDE7454B00221A60A3
:102F5000FFF7DCF90546414B1B6813F0020FD2D096
:102F6000FFF7D4F9401B0228F5D9032016E13C4BAA
:102F70000022C3F8802EFFF7C9F90546374B5B6F77
:102F800013F0020F06D0FFF7C1F9401B0228F5D954
:102F9000032003E1236813F0040F77D02F4B1B6C41
:102FA00013F0805F33D1002301932C4B1A6C42F055
:102FB00080521A641B6C03F080530193019B01251E
:102FC000284B1B6813F4807F23D0A368012B34D0D7
:102FD000052B38D0214B1A6F22F001021A671A6FA5
:102FE00022F004021A67A368002B3DD0FFF78EF988
:102FF00006461A4B1B6F13F0020F46D1FFF786F9F6
:10300000801B41F288339842F3D90320C6E00025A3
:10301000D6E7144A136843F480731360FFF776F918
:103020000646104B1B6813F4807FCED1FFF76EF974
:10303000801B0228F5D90320B0E0084A136F43F043
:1030400001031367CFE7054B1A6F42F004021A67BA
:103050001A6F42F001021A67C5E700BF003802404C
:103060000000474200700040FFF750F90646524BFF
:103070001B6F13F0020F08D0FFF748F9801B41F2D5
:1030800088339842F3D9032088E0EDB9A369002B77
:1030900000F08380484A926802F00C02082A51D05E
:1030A000022B17D0454B00221A66FFF72FF9044672
:1030B000414B1B6813F0007F42D0FFF727F9001B3C
:1030C0000228F5D9032069E03B4A136C23F08053B2
:1030D0001364DBE7394B00221A66FFF717F9054640
:1030E000354B1B6813F0007F06D0FFF70FF9401B2C
:1030F0000228F5D9032051E0E369226A1343626A8A
:1031000043EA8213A26A5208013A43EA0243E26A9E
:1031100043EA0263284A5360284B01221A66FFF7EC
:10312000F5F80446244B1B6813F0007F06D1FFF727
:10313000EDF8001B0228F5D903202FE000202DE038
:1031400000202BE0012B2BD01B4B5B6803F480018C
:10315000E269914226D103F03F02216A8A4223D1DB
:10316000616A47F6C0721A40B2EB811F1ED103F4A8
:103170004031A26A5208013AB1EB024F18D103F074
:103180007063E26AB3EB026F14D1002006E0012005
:103190007047012002E0012000E0002002B070BD75
:1031A0000120FBE70120F9E70120F7E70120F5E71F
:1031B0000120F3E70120F1E7003802400000474218
:1031C00008B5264B9B6803F00C03042B41D0082B59
:1031D00041D1224B5A6802F03F025B6813F4800F22
:1031E00012D01E4B5968C1F388111D480023A1FB62
:1031F0000001FDF719FA194B5B68C3F30143013372
:103200005B00B0FBF3F008BD144B5868C0F38810A6
:103210004FEA401CBCEB000C6EEB0E0E4FEA8E1317
:1032200043EA9C634FEA8C11B1EB0C0163EB0E0394
:10323000DB0043EA5173C90011EB000C43F10003BA
:10324000990200234FEA8C2041EA9C51FDF7ECF9EA
:10325000D1E70348D7E70348D5E700BF003802406D
:1032600040787D010024F400002800F09B8070B5B8
:103270000D4604464F4B1B6803F007038B4208D2F0
:10328000CBB24C4A1370136803F007038B4240F033
:103290008B80236813F0020F17D013F0040F04D0B3
:1032A000454A936843F4E0539360236813F0080F92
:1032B00004D0414A936843F4604393603E4A936864
:1032C00023F0F003A1680B439360236813F0010F10
:1032D00032D06368012B21D09A1E012A25D9364AA3
:1032E000126812F0020F61D033498A6822F003029B
:1032F00013438B60FFF70AF806462F4B9B6803F0D9
:103300000C036268B3EB820F16D0FEF7FFFF801B41
:1033100041F288339842F0D9032042E0264A1268ED
:1033200012F4003FE0D101203BE0234A126812F082
:10333000007FD9D1012034E01E4B1B6803F0070346
:10334000AB4207D9EAB21B4B1A701B6803F00703A4
:10335000AB422DD1236813F0040F06D0164A9368B0
:1033600023F4E053E1680B439360236813F0080FE4
:1033700007D0114A936823F46043216943EAC103EB
:103380009360FFF71DFF0C4B9B68C3F303130B4ABD
:10339000D35CD8400A4B18600A4B1868FDF732FF1F
:1033A000002070BD012070470120FAE70120F8E7F6
:1033B0000120F6E7003C024000380240609E000811
:1033C0000000002014000020014B1868704700BF67
:1033D0000000002008B5FFF7F7FF044B9B68C3F31C
:1033E0008223034AD35CD84008BD00BF00380240A6
:1033F000589E000808B5FFF7E7FF044B9B68C3F32E
:103400004233034AD35CD84008BD00BF00380240B5
:10341000589E00080F2303600B4B9A6802F00302CA
:1034200042609A6802F0F00282609A6802F4E05208
:10343000C2609B68DB0803F4E0530361034B1B6825
:1034400003F007030B60704700380240003C024065
:1034500030B583B00446036813F0050F0ED123681E
:1034600013F0020F38D1236813F0080F00F09D808D
:10347000227D4F4BC3F8E021002097E04D4B002206
:103480009A66FEF743FF05464B4B1B6813F0006F2F
:1034900006D0FEF73BFF431B022BF5D9032085E046
:1034A0006368A26843EA8213E26843EA0273424A0D
:1034B000C2F884303F4B01229A66FEF727FF05468B
:1034C0003D4B1B6813F0006FC9D1FEF71FFF401B77
:1034D0000228F5D9032069E000230193364B1A6CCA
:1034E00042F080521A641B6C03F080530193019BDD
:1034F000324A136843F480731360FEF707FF0546F2
:103500002E4B1B6813F4807F06D1FEF7FFFE431B92
:10351000022BF5D9032049E0274B1B6F13F44073AE
:1035200014D0226902F440729A420FD0224B1A6FD3
:1035300022F440721F490120C1F8400E0020C1F85A
:10354000400E1A671B6F13F0010F12D1236903F4A9
:103550004072B2F5407F1DD0174A936823F4F813E8
:10356000936015490B6F2269C2F30B0213430B677B
:1035700079E7FEF7CBFE05460F4B1B6F13F0020FEA
:10358000E4D1FEF7C3FE401B41F288339842F3D9E1
:1035900003200BE008498A6822F4F81223F07043F4
:1035A00023F4407313438B60DBE7002003B030BD8E
:1035B00000104742000047420038024000700040BF
:1035C00038B5044603680A4ADA60FEF79FFE0546EE
:1035D0002368DB6813F0200F07D1FEF797FE401B2E
:1035E000B0F57A7FF4D9032000E0002038BD00BF99
:1035F0005F3F010070B50368DA6812F0400F02D037
:103600000025284670BD0446DA6842F08002DA6080
:10361000FEF77CFE064600252368DB6813F0400FAA
:10362000EFD1002DEDD1FEF771FE831BB3F57A7F4C
:10363000F2D9042363770125EEE70268D36823F00B
:103640008003D36003689B6813F0200F01D0002033
:10365000704710B50446FFF7B3FF10B1042363773A
:10366000012010BD00284AD010B50446437F53B155
:10367000022363772368DA6812F0100F07D0002066
:103680000123637710BD0377FDF7F4FCF0E7CA224E
:103690005A62236853225A622046FFF7ABFF28B1D3
:1036A0002368FF225A620028ECD1E9E72268936878
:1036B00023F4E00323F04003936021688A68636881
:1036C000206903436069034313438B602368E26806
:1036D0001A6122681369A16843EA01431361204615
:1036E000FFF7ABFF0028DBD12268136C23F48023A3
:1036F00013642268136CA1690B431364D0E70120A3
:103700007047002302E001330A38C0B20928FAD812
:103710001B01DBB218437047037F012B5AD070B5F1
:1037200004460E46012303770223437732BB036826
:103730009B6813F0400F01D10023CB703078FFF766
:10374000E0FF05047078FFF7DCFF45EA0025B0785C
:10375000FFF7D7FF0543F37845EA83552368CA226C
:103760005A62236853225A622046FFF743FFB8B1DA
:103770002368FF225A620023237770BD03689B6889
:1037800013F0400F01D10023CB70337875782D02F0
:1037900045EA0345B3781D43F37845EA8355DDE7F1
:1037A000236805F07F3525F0FE451D60226893688B
:1037B00023F48023936021688B68F26830690243A8
:1037C00013438B602046FFF738FF0028D0D1012338
:1037D0006377CDE702207047037F012B48D070B597
:1037E00004460E460123037702234377CAB1CB7800
:1037F0004D782D0245EA03458B781D430B7845EA49
:1038000043352368CA225A62236853225A622046EB
:10381000FFF7F0FEF0B12368FF225A6200232377FE
:1038200070BD4B7813F0100F03D003F0EF030A3391
:103830004B70F078FFF765FF05047078FFF761FFC4
:1038400045EA0025B078FFF75CFF0543337845EA89
:103850004335D6E7236825F07F4525F0C0055D6038
:103860002046FFF7EAFE0028D5D101236377D2E78F
:103870000220704710B483B08446454B1868454B0E
:10388000A3FB0030C00A4FF47A7303FB00F00190F1
:103890009CF81C30012B78D001238CF81C300223BB
:1038A0008CF81D30DCF80030CA245C62DCF8003093
:1038B00053245C62DCF80040A36813F4806F09D0E5
:1038C000019B013B0193019B002B47D0E36813F060
:1038D000040FF5D1A36823F48063A360DCF80040F3
:1038E000E368DBB263F49063E3600190019B013B0A
:1038F0000193019B002B3AD0DCF80030D86810F01F
:10390000040FF3D0986820F007009860DCF80000FE
:10391000836813438360DCF8003059611E4B1A68DA
:1039200042F480021A609A6842F480029A60DCF8DD
:103930000020936843F480439360DCF80020936890
:1039400043F480639360DCF80030FF225A62012365
:103950008CF81D3000208CF81C0012E0FF236362FD
:1039600003208CF81D0000238CF81C3009E0DCF8E3
:103970000030FF225A6203208CF81D0000238CF8CF
:103980001C3003B05DF8044B70470220F9E700BF1C
:1039900000000020D34D6210003C01407047000041
:1039A00010B50446094B4FF480025A610368DA6887
:1039B00012F4806F02D10123637710BDDA68D2B2AE
:1039C00062F49062DA60FFF7E9FFF4E7003C01403F
:1039D0002DE9F04782B00546884617461E46FEF799
:1039E00095FC0A9B1B1A03EB0609FEF78FFC824627
:1039F000284B1B68C3F3CB3309FB03F301932B68FC
:103A00009C6838EA04040CBF01230023BB423DD06C
:103A1000B6F1FF3FF3D0FEF779FCA0EB0A00484572
:103A200003D2019B73BB9946E9E72A68536823F0E8
:103A3000E00353606B68B3F5827F0BD0AB6AB3F5DC
:103A4000005F14D0012385F85130002385F85030F1
:103A500003201CE0AB68B3F5004F02D0B3F5806FD4
:103A6000ECD12A68136823F040031360E6E72A6864
:103A7000136823F4005313602A68136843F4005357
:103A80001360DFE7019B013B0193B8E7002002B020
:103A9000BDE8F0870000002070B584B004460D46F4
:103AA000164600920B4601220221FFF791FFD0B982
:103AB000174B1B68174AA2FB03235B0D4FF47A7266
:103AC00002FB03F303936368B3F5827F11D0039B7A
:103AD0003BB1039B013B039323689B6813F0800F6A
:103AE000F5D104B070BD636D43F02003636503201E
:103AF000F7E700962B46002280212046FFF768FF5B
:103B00000028EED0636D43F0200363650320E8E7EF
:103B100000000020819F5E1600285AD010B5044690
:103B2000436A33B94368B3F5827F05D00023C3618C
:103B300002E00023036143610023A36294F8513043
:103B4000002B40D0022384F851302268136823F000
:103B500040031360636803F48273A26802F40442B2
:103B60001343E26802F400621343226902F0020286
:103B70001343626902F001021343A26902F4007266
:103B80001343E26902F038021343226A02F0800212
:103B90001343A26A02F40052216813430B60638B43
:103BA00003F00403626A02F01002216813434B60C1
:103BB0002268D36923F40063D36100206065012388
:103BC00084F8513010BD84F850302046FDF7A2FA39
:103BD000B8E7012070472DE9F04383B004468946D9
:103BE00090461D46FEF792FB94F85130012B40F0B1
:103BF000CD800646DFB2B9F1000F00F0C880B8F101
:103C0000000F00F0C48094F85030012B00F0C38006
:103C1000012384F85030032384F851300023636576
:103C2000C4F83090A4F83480A4F83680A363A38746
:103C3000E38763642364A368B3F5004F1ED0236851
:103C40001A6812F0400F03D11A6842F040021A605D
:103C5000E368B3F5006F1CD0636813B1B8F1010FCE
:103C60005FD1226B236812781A73236B01332363AD
:103C7000E38E9BB2013B9BB2E38652E0226813685D
:103C800023F0400313602268136843F480431360F9
:103C9000D5E7636813B1B8F1010F15D1226B236822
:103CA0001288DA60236B02332363E38E9BB2013BFD
:103CB0009BB2E38608E0FEF729FB801BA84202D3F3
:103CC000B5F1FF3F15D1A5B1E38E9BB2002B42D0D9
:103CD00023689A6812F0020FEDD0226B1288DA6026
:103CE000236B02332363E38E9BB2013B9BB2E386DB
:103CF000EAE7012384F85130002384F85030032789
:103D000045E0226B12781A73236B01332363B4F8F6
:103D100036C01FFA8CFC0CF1FF3C1FFA8CFCA4F897
:103D200036C0E38E9BB2B3B123689A6812F0020FDB
:103D3000E7D1FEF7EBFA801BA84202D3B5F1FF3FB3
:103D400001D1002DEDD1012384F85130002384F8F6
:103D5000503003271BE0324629462046FFF79CFEE1
:103D600008B120236365A36833B901932368DA6837
:103D700001929B680193019B012384F85130002339
:103D800084F85030636D13B9002700E002273846ED
:103D900003B0BDE8F0830227F9E7000030B4026AFF
:103DA000036A23F0010303624568836923F0730308
:103DB0000C681C4322F002028B6813430B4A9042AA
:103DC00006D0456084614A684263036230BC704734
:103DD00023F00803CA681A4322F0040325F440754F
:103DE0004A692A438D691543EBE700BF0000014093
:103DF00030B4036A026A22F4807202624468C269C3
:103E000022F073020D68154323F400738A6843EAB5
:103E100002230D4A904206D04460C5614A68C263DD
:103E2000036230BC704723F40063CA6843EA02238C
:103E300023F4806324F440544A6944EA02148A69F2
:103E400044EA0214E8E700BF0000014030B4036A0E
:103E5000026A22F4805202624468C26922F4E64295
:103E60000D6842EA052223F400538D6843EA0533C6
:103E7000074DA84206D04460C2614A6802640362EA
:103E800030BC704724F480444D6944EA8514F2E75D
:103E90000000014010B4036A046A24F001040462C3
:103EA000846924F0F00C4CEA021223F00A030B435D
:103EB000826103625DF8044B704710B4036A046AC0
:103EC00024F010040462846924F4704C4CEA023239
:103ED00023F0A00343EA0113826103625DF8044BFF
:103EE0007047836823F070030B4343F0070383603C
:103EF0007047000090F83D30012B2FD1022380F84D
:103F00003D300268D36843F00103D3600368154A6B
:103F1000934218D0B3F1804F15D0A2F57C42934262
:103F200011D002F5806293420DD002F58062934277
:103F300009D002F59A32934205D01A6842F0010284
:103F40001A60002070479A6802F00702062A07D01C
:103F50001A6842F001021A60002070470120704781
:103F6000002070470000014070477047704770475D
:103F7000704770B504460368DE681D6915F0020FCE
:103F800010D016F0020F0DD06FF002021A6101235B
:103F9000037703689B6913F0030F5ED0FFF7E6FF1A
:103FA0000023237715F0040F12D016F0040F0FD062
:103FB00023686FF004021A610223237723689B6948
:103FC00013F4407F4FD02046FFF7D0FF0023237724
:103FD00015F0080F12D016F0080F0FD023686FF0FD
:103FE00008021A61042323772368DB6913F0030FA7
:103FF00040D02046FFF7BAFF0023237715F0100FBB
:1040000012D016F0100F0FD023686FF010021A6153
:10401000082323772368DB6913F4407F31D02046DF
:10402000FFF7A4FF0023237715F0010F02D016F04D
:10403000010F2DD115F0800F02D016F0800F2FD177
:1040400015F0400F02D016F0400F31D115F0200FBF
:1040500002D016F0200F33D170BDFFF786FF204647
:10406000FFF785FF9CE72046FFF77FFF2046FFF71D
:104070007EFFABE72046FFF778FF2046FFF777FF8C
:10408000BAE72046FFF771FF2046FFF770FFC9E748
:1040900023686FF001021A612046FCF717FFC9E799
:1040A00023686FF080021A61204600F0CDFAC7E75E
:1040B00023686FF040021A612046FFF759FFC5E7F9
:1040C00023686FF020021A61204600F0BCFAC3E7B3
:1040D0000368274A90420ED0B0F1804F0BD0A2F572
:1040E0007C42904207D002F58062904203D002F5F4
:1040F0008062904203D123F070034A6813431C4A44
:1041000090421AD0B0F1804F17D0A2F57C42904275
:1041100013D002F5806290420FD002F58062904287
:104120000BD002F59A32904207D002F5806290429D
:1041300003D002F58062904203D123F44073CA6831
:10414000134323F080034A6913438A68C2620A68F2
:104150008262074A904207D0026842F0040202607D
:1041600001224261036070470A690263F4E700BFFD
:104170000000014040B310B5044690F83D30F3B163
:10418000022384F83D30214651F8040BFFF7A0FFCD
:10419000012384F8463084F83E3084F83F3084F8B8
:1041A000403084F8413084F8423084F8433084F859
:1041B000443084F8453084F83D30002010BD80F84C
:1041C0003C30FDF717F9DBE70120704740B310B52D
:1041D000044690F83D30F3B1022384F83D30214687
:1041E00051F8040BFFF774FF012384F8463084F87C
:1041F0003E3084F83F3084F8403084F8413084F811
:10420000423084F8433084F8443084F8453084F8F0
:104210003D30002010BD80F83C30FFF7A5FEDBE705
:104220000120704730B4036A026A22F01002026271
:104230004468826922F4E6420D6842EA052223F0CE
:1042400020038D6843EA05130C4DA84206D0446054
:1042500082614A688263036230BC704723F0800346
:10426000CD6843EA051323F0400324F440644D690C
:1042700044EA85048D6944EA8504E8E700000140CA
:1042800038B590F83C30012B66D004460D4601232A
:1042900080F83C300C2A5AD8DFE802F00759595907
:1042A0001B5959593059595944000068FFF776FD98
:1042B0002268936943F0080393612268936923F0AD
:1042C000040393612268936929690B439361002079
:1042D0003EE00068FFF7A6FF2268936943F400639D
:1042E00093612268936923F48063936122689369E0
:1042F000296943EA01239361002029E00068FFF760
:1043000077FD2268D36943F00803D3612268D3693B
:1043100023F00403D3612268D36929690B43D36175
:10432000002015E00068FFF791FD2268D36943F48F
:104330000063D3612268D36923F48063D361226868
:10434000D369296943EA0123D361002000E00120F9
:10435000002384F83C3038BD0220FCE710B48468A8
:1043600024F47F4C42EA03220A4342EA0C028260B0
:104370005DF8044B704790F83C30012B78D010B5B5
:104380000446012380F83C30022380F83D30026867
:10439000936823F47F4323F0770393600B68602BCB
:1043A0004CD023D8402B54D011D8202B03D00AD87E
:1043B0000BB1102B05D119462068FFF792FD0020A4
:1043C00028E0012026E0302BF5D0012022E0502B00
:1043D0000AD1CA6849680068FFF75CFD502120686F
:1043E000FFF77FFD002015E0012013E0B3F5805FAB
:1043F0003AD0B3F5005F14D0702B37D1CB684A6840
:1044000089680068FFF7AAFF2268936843F0770382
:1044100093600020012384F83D30002384F83C3071
:1044200010BDCB684A6889680068FFF797FF22686B
:10443000936843F4804393600020EBE7CA684968BF
:104440000068FFF73AFD60212068FFF74AFD002071
:10445000E0E7CA6849680068FFF71CFD4021206852
:10446000FFF73FFD0020D5E70020D3E70120D1E78B
:104470000220704701F01F014FF0010C0CFA01FC03
:10448000036A23EA0C030362036A8A40134303624C
:104490007047000010B50446084689BB94F83E30CA
:1044A000013B18BF0123002B60D100283ED102231D
:1044B00084F83E30012201462068FFF7DBFF2368C5
:1044C0002C4A934242D023682A4A934243D0B3F104
:1044D000804F40D0A2F57C4293423CD002F58062EE
:1044E000934238D002F58062934234D002F59A327A
:1044F000934230D01A6842F001021A60002034E082
:10450000042907D008290BD094F84130013B18BF8B
:104510000123C8E794F83F30013B18BF0123C2E7ED
:1045200094F84030013B18BF0123BCE7042805D0B4
:10453000082807D0022384F84130BBE7022384F81F
:104540003F30B7E7022384F84030B3E75A6C42F4B7
:1045500000425A64B7E79A6802F00702062A07D0B9
:104560001A6842F001021A60002010BD0120FCE729
:104570000020FAE70000014090F83C20012A35D0E5
:1045800010B40346012280F83C20022280F83D202E
:1045900002685068946820F0700C086840EA0C00CB
:1045A00050601A681248824212D0B2F1804F0FD088
:1045B000A0F57C4082420BD000F58060824207D09B
:1045C00000F58060824203D000F59A30824204D127
:1045D00024F08004496821439160012283F83D2042
:1045E000002083F83C005DF8044B704702207047C0
:1045F00000000140024690F83C30012B21D00123FD
:1046000080F83C30CB6823F440738868034323F47C
:1046100080634868034323F400630868034323F47A
:1046200080530869034323F400534869034323F488
:104630008043C9690B4311684B64002082F83C0039
:1046400070470220704770477047026802F10C0300
:1046500053E8003F23F0C0030C3242E80031002948
:10466000F3D1202380F841307047026802F10C0337
:1046700053E8003F23F490730C3242E800310029E4
:10468000F3D1026802F1140353E8003F23F0010361
:10469000143242E800310029F3D1036B012B05D01D
:1046A000202380F84230002303637047026802F140
:1046B0000C0353E8003F23F010030C3242E80031B2
:1046C0000029F3D1ECE790F84130212B01D00220F2
:1046D00070478368B3F5805F17D0036A5A1C026283
:1046E0001A7803685A60C38C9BB2013B9BB2C384A7
:1046F0004BB90268D36823F08003D3600268D368A3
:1047000043F04003D360002070470369002BE4D1DD
:10471000036A1B880268C3F308035360036A023309
:104720000362E0E710B504460268136923F44053BE
:10473000C1680B431361836802691A4343691A43D2
:10474000C3691A430168CB6823F4164323F00C03B2
:104750001343CB600268536923F4407381690B43B0
:1047600053610368314A934206D002F58062934256
:1047700002D0FEF72FFE01E0FEF73CFEE369B3F541
:10478000004F29D00021031849411B1841F10001B5
:10479000C90041EA5371DB00181863684FEA8302CD
:1047A0004FEA937341F10001FBF73EFF204AA2FB61
:1047B00000314909642303FB11031B013233A2FBBF
:1047C00003235B0903F0F00202EB011203F00F0375
:1047D000216813448B6010BD0023021843EB0301D2
:1047E000121841F10001C90041EA5271D2001018BB
:1047F00041F10001626892185B41FBF715FF0C4A1A
:10480000A2FB00314909642303FB1103DB003233AF
:10481000A2FB03235B095A0002F4F87202EB0112B7
:1048200003F00703216813448B60D4E700100140B4
:104830001F85EB512DE9F04383B005460E46174620
:104840009946DDF828802B681C6836EA04040CBF02
:1048500001240024BC4228D1B8F1FF3FF3D0FDF77A
:1048600055FDA0EB0900404523D8B8F1000F22D038
:104870002B68DA6812F0040FE5D0802EE3D0402ECA
:10488000E1D01A6812F0080FDDD0002401941A68F4
:1048900001925B680193019B2846FFF7E6FE08231F
:1048A0006B6485F84040012000E0002003B0BDE8C3
:1048B000F0830320FAE70320F8E760B310B504465D
:1048C00090F8413013B3242384F841302268D36830
:1048D00023F40053D3602046FFF724FF22681369B6
:1048E00023F4904313612268536923F02A03536130
:1048F0002268D36843F40053D3600020606420230F
:1049000084F8413084F84230606310BD80F8403054
:10491000FCF75EFED7E7012070472DE9F04182B039
:104920001E4690F84130202B56D104460D46904645
:10493000002955D00AB901204FE000234364212308
:1049400080F84130FDF7E2FC0746A4F82480A4F883
:104950002680A368B3F5805F02D04FF0000814E012
:1049600023692BB34FF000080FE0202384F8413077
:10497000032032E038F8023B2268C3F30803536097
:10498000E28C92B2013A92B2E284E38C9BB293B190
:1049900000963B46002280212046FFF74BFF00286F
:1049A000E3D1002DE6D015F8012B23685A60E7E724
:1049B000A8460025E9E700963B4600224021204614
:1049C000FFF738FF18B9202384F8413005E0202391
:1049D00084F84130032000E0022002B0BDE8F081FD
:1049E0000120FAE708B50168CA6822F04002CA60EF
:1049F000202280F84120FCF7DFFE002008BD10B522
:104A0000846B23685B6994F84120212A0FD02368C6
:104A10005B6903F0400394F84220222A11D0636CB2
:104A200043F0100363642046FCF7F6FE10BD03F06C
:104A30008003002BEBD00023E3842046FFF705FE24
:104A4000E5E7002BEBD00023E3852046FFF70DFEC2
:104A5000E5E708B5806B0023C385FCF7DDFE08BDE4
:104A6000704790F84230222B69D18368B3F5805F9C
:104A70004FD0826AB3F5805F04D0002B56D1036912
:104A8000002B53D103685B681370836A0133836220
:104A9000C38D9BB2013B9BB2C385002B51D100B5A6
:104AA00083B00268D36823F02003D3600268D36820
:104AB00023F48073D3600268536923F001035361C8
:104AC000202380F8423000234363036B012B33D152
:104AD00000230363026802F10C0353E8003F23F054
:104AE00010030C3242E800310029F3D103681A6840
:104AF00012F0100F06D0002201921A6801925B6832
:104B00000193019B818DFFF7ABFF002003B05DF89F
:104B100004FB0269002AACD1826A03685B68C3F3B4
:104B200008031380836A02338362B1E703685B681A
:104B300003F07F031370A8E7FCF74EFEE5E70220C1
:104B4000704700207047000010B582B0044602682C
:104B50001368D068516913F00F0F09D113F0200FBB
:104B60000CD010F0200F09D02046FFF77AFF16E096
:104B700011F0010115D110F4907F12D1216B0129A0
:104B800079D013F0800F03D010F0800F40F0218116
:104B900013F0400F03D010F0400F40F01E8102B020
:104BA00010BD13F0010F06D010F4807F03D0626CAB
:104BB00042F00102626413F0040F04D019B1626C78
:104BC00042F00202626413F0020F04D019B1626C69
:104BD00042F00402626413F0080F07D010F0200FB7
:104BE00000D119B1626C42F008026264626C002A62
:104BF000D5D013F0200F02D010F0200F29D1236858
:104C00005B6903F04003626C12F0080F00D163B3DC
:104C10002046FFF72AFD23685B6913F0400F20D080
:104C2000226802F1140353E8003F23F040031432DA
:104C300042E800310029F3D1E36B73B1694A1A6588
:104C4000E06BFDF7CCFE0028A9D0E06B036D984720
:104C5000A5E72046FFF705FFD1E72046FCF7DCFD7E
:104C60009DE72046FCF7D8FD99E72046FCF7D4FDE8
:104C70000023636493E713F0100F82D010F0100F3D
:104C80003FF47FAF002301931368019353680193AE
:104C9000019B536913F0400F5FD0E26B13685B68B0
:104CA0009BB2002B4AD0A18D994247D9E385D369A5
:104CB000B3F5807F37D0226802F10C0353E8003F40
:104CC00023F480730C3242E800310029F3D12268CA
:104CD00002F1140353E8003F23F00103143242E8C9
:104CE00000310029F3D1226802F1140353E8003F98
:104CF00023F04003143242E800310029F3D120238D
:104D000084F8423000232363226802F10C0353E845
:104D1000003F23F010030C3242E800310029F3D1A8
:104D2000E06BFDF713FE02236363A18DE38D9BB25D
:104D3000C91A89B22046FFF793FE30E7A18D994248
:104D40007FF42DAFD369B3F5807F7FF428AF0223C2
:104D500063632046FFF784FE21E7A18DE38D9BB2BC
:104D6000C91A89B2E38D9BB2002B3FF418AF00291A
:104D70003FF415AF226802F10C0353E8003F23F41F
:104D800090730C3242E800300028F3D1226802F11F
:104D9000140353E8003F23F00103143242E80030CB
:104DA0000028F3D1202384F84230002323632268B3
:104DB00002F10C0353E8003F23F010030C3242E8E9
:104DC00000300028F3D1022363632046FFF748FE3A
:104DD000E5E62046FFF777FCE1E62046FFF702FE16
:104DE000DDE600BF534A000808B5806B012343632A
:104DF000036B012B02D0FCF7FFFC08BD818D490835
:104E0000FFF72EFEF9E708B50346806B1B681B68A9
:104E100013F4807F2BD10023C385026802F10C03B9
:104E200053E8003F23F480730C3242E8003100293C
:104E3000F3D1026802F1140353E8003F23F00103A9
:104E4000143242E800310029F3D1026802F1140360
:104E500053E8003F23F04003143242E800310029B8
:104E6000F3D1202380F84230036B012B07D00023BD
:104E70004363036B012B0FD0FCF7AEFC08BD026847
:104E800002F10C0353E8003F23F010030C3242E818
:104E900000310029F3D1EAE7818DFFF7E1FDEDE76D
:104EA00030B583B004461346816282850022426495
:104EB000222084F84200E06B244DC563E06B244D52
:104EC0000564E06B234DC564E06B026520680A460B
:104ED000011DE06BFDF706FD00282FD10023019393
:104EE00023681A6801925B680193019B23695BB197
:104EF000226802F10C0353E8003F43F480730C3244
:104F000042E800310029F3D1226802F1140353E88A
:104F1000003F43F00103143242E800310029F3D18D
:104F2000226802F1140353E8003F43F040031432B7
:104F300042E800310029F3D103B030BD102363648F
:104F4000202384F842300120F6E700BF074E000816
:104F5000E94D0008FF49000808B590F84230202BC1
:104F600008D149B10AB9012008BD00230363FFF746
:104F700097FFF9E70220F7E70120F5E708B54FF0C2
:104F8000E0231B6901F00CFE012800D108BD00F0F0
:104F9000F9FAFBE7EFF305832BB9064B186828B93C
:104FA00001221A6070476FF0050070474FF0FF3024
:104FB000704700BF000D0020EFF3058373B90A4B63
:104FC0001B68012B0DD110B50024084BDC77064B74
:104FD00002221A6001F0D4FA204610BD6FF00500DD
:104FE00070474FF0FF307047000D002000ED00E0EB
:104FF00008B5EFF3058343B901F0D2FD40B10228B3
:1050000008D101F009FB002008BD6FF00500FBE7A7
:105010000120F9E74FF0FF30F6E708B5EFF305831D
:105020007BB901F0BDFD18B102280DD1002008BDEB
:1050300001F094FB0128FAD001F0B2FD38B1012053
:10504000F5E76FF00500F2E74FF0FF30EFE74FF0C4
:10505000FF30ECE708B5EFF3058313B101F0EAFA8E
:1050600008BD01F0E1FAFBE74FF47A707047F0B544
:1050700087B000240594EFF3058404BBF8B1002A3F
:1050800034D0156893692BB11E46013B372B02D9EA
:10509000002015E01826536813F0010F3FD1546922
:1050A00084B14FEA940C93682BB1D7685B2F02D977
:1050B000176907B184B943B14FF0FF330BB30598BB
:1050C00007B0F0BD4FF0800CEDE7D368A3B91369CA
:1050D000ABB14FF0FF33F1E70293019700960B4617
:1050E0006246294601F03CF90590E8E715460023A1
:1050F00018264FF0800CE1E74FF0FF33DEE7002386
:10510000DCE705AB019300960B461FFA8CF22946AB
:1051100001F061F90128D2D000230593CFE70020E8
:10512000CEE708B501F036FD08BD08B50346EFF33C
:10513000058028B92BB1184601F020FD800000E061
:10514000002008BDEFF305835BB910B5044658B1E4
:1051500001F0D0F904280AD0204601F06FF90020B0
:1051600010BD6FF0050070476FF00300F8E76FF0B7
:105170000200F5E72DE9F04F85B0EFF305830193C9
:10518000002B40D181468A461746002841DB11F0AA
:10519000020F06D0984601F047FA83463E46019D2D
:1051A00023E08046F7E705EA0905039B1D431AF053
:1051B000010F0DD039EA050327D06FB301F034FA9F
:1051C000A0EB0B039E420BD3ABEB000006440BE0BD
:1051D00019EA050F19D1002FF0D16FF0020514E084
:1051E000019E01E06FF001057CB1334603AA414600
:1051F000002001F02DFD04460128D4D0002FF1D16C
:105200006FF00205F0E76FF00505284605B0BDE830
:10521000F08F6FF00305F8E76FF00205F5E708B5CA
:10522000EFF3058333B908B9002008BD01F064FB32
:105230000020FAE76FF00500F7E7EFF3058373B995
:1052400010B582B0044601F0EFF90190211A00294F
:1052500008DD01A801F0FEFA002002B010BD6FF0D9
:10526000050070476FF00300F7E708B5EFF305831B
:10527000CBB9A0B1836813B1C2681F2A0BD82BB178
:105280004FF0FF338BB900F050F808BDC36843B14D
:105290004FF0FF33F6E7184600F022F8F5E7002359
:1052A000F0E70023EEE70020EFE70020EDE7000045
:1052B000034B0360034B0B6080231360704700BFF8
:1052C000A40C0020A40A0020034B0360034B0B60D6
:1052D0004FF4807313607047480A0020480600208E
:1052E00080B110B582B0044620230193019B202B8E
:1052F00011D04FF0500383F31188BFF36F8FBFF3CA
:105300004F8FFEE74FF0500383F31188BFF36F8F89
:10531000BFF34F8FFEE7002340F8043B00F013F883
:1053200001232377204602B010BD38B5202000F0BD
:1053300071FA044628B1002540F8045B00F003F838
:105340002577204638BD00F1080343604FF0FF3257
:105350008260C36003610023036070470023036120
:10536000704743684B609A688A6051609960086131
:10537000036801330360704730B40D68B5F1FF3F37
:1053800011D000F108031C465B681A68AA42FAD9DA
:1053900063684B6099608C606160086103680133E9
:1053A000036030BC70470469F2E7036941688268B2
:1053B0008A60416851605A68824206D000220261C8
:1053C0001A68013A1A601868704782685A60F5E7EF
:1053D00082B0002301930D4B1B68B3F1FF3F08D04F
:1053E0004FF0500383F31188BFF36F8FBFF34F8FDC
:1053F000FEE74FF0500383F31188BFF36F8FBFF3C5
:105400004F8F019B002BFCD002B07047180000208A
:1054100008480068006880F308884FF0000080F3B7
:10542000148862B661B6BFF34F8FBFF36F8F00DF92
:1054300000BF000008ED00E0DFF80C00016841F457
:10544000700101607047000088ED00E04FF080734C
:1054500040F8043C21F0010140F8081C054B40F8DD
:105460000C3C40F8202C6FF0020340F8243C4438F8
:10547000704700BFD153000800000000000000008A
:10548000074B19680868B0E8F04F80F30988BFF34C
:105490006F8F4FF0000080F311887047AFF30080EA
:1054A000684E00204FF0500383F31188BFF36F8FD5
:1054B000BFF34F8F0B4A136801331360012B00D0E9
:1054C00070474FF0E023D3F8043D13F0FF0FF7D0FF
:1054D0004FF0500383F31188BFF36F8FBFF34F8FEB
:1054E000FEE700BF18000020094B1B6843B94FF0CE
:1054F000500383F31188BFF36F8FBFF34F8FFEE725
:10550000013B034A13600BB983F31188704700BF56
:105510001800002000000000000000000000000053
:10552000EFF30980BFF36F8F154B1A681EF0100F51
:1055300008BF20ED108A20E9F04F106009B44FF049
:10554000500080F31188BFF34F8FBFF36F8F01F0CE
:10555000F9F94FF0000080F3118809BC1968086858
:10556000B0E8F04F1EF0100F08BFB0EC108A80F3C7
:105570000988BFF36F8F7047AFF30080AFF30080EF
:10558000684E002008B54FF0500383F31188BFF335
:105590006F8FBFF34F8F01F055F828B14FF0E02324
:1055A0004FF08052C3F8042D002383F3118808BD07
:1055B0004FF0E022002313619361054B1B680549FE
:1055C000A1FB03139B09013B536107231361704740
:1055D00000000020D34D62104FF0E023D3F8002DDF
:1055E0003D4B9A421CD04FF0E023D3F8002D3B4BAB
:1055F0009A421ED030B583B0394B1A78D2B201929C
:10560000FF221A701B78DBB28DF803309DF803304F
:1056100003F05003334A1370334B07221A601BE028
:105620004FF0500383F31188BFF36F8FBFF34F8F99
:10563000FEE74FF0500383F31188BFF36F8FBFF382
:105640004F8FFEE7284A1368013B13609DF8033033
:105650005B00DBB28DF803309DF8033013F0800F50
:10566000F0D1214B1B68032B08D04FF0500383F37C
:105670001188BFF36F8FBFF34F8FFEE71B021A4AEB
:10568000136003F4E0631360019BDBB2144A1370F0
:105690004FF0E024D4F8203D43F47003C4F8203DDB
:1056A000D4F8203D43F07043C4F8203DFFF780FF5D
:1056B00000250E4B1D60FFF7BFFED4F8343F43F0CA
:1056C0004043C4F8343FFFF7A3FE01F03BF9FFF776
:1056D0007FFE284603B030BD71C20F4170C20F413A
:1056E00000E400E0080D0020040D00201800002058
:1056F000EFF305830F2B0ED9114A9A5C114B1B78DF
:105700009A4208D24FF0500383F31188BFF36F8F92
:10571000BFF34F8FFEE74FF0E023D3F80C3D03F4C7
:10572000E063094A1268934208D94FF0500383F3AB
:105730001188BFF36F8FBFF34F8FFEE7704700BF35
:10574000F0E300E0080D0020040D0020124A12F0E2
:10575000070F1ED0D11D21F00701C1F5705313446E
:105760000A460E480260002141601344083B23F0C2
:1057700007030B48036059601960991A5160136060
:10578000084B1960084B1960084B4FF000421A6033
:1057900070474FF47053E4E72C0D0020240D0020D7
:1057A000200D0020180D00201C0D00200C0D0020E5
:1057B000164B1A461B688342FBD3516802EB010C5F
:1057C000844509D0416800EB010C634509D00360B2
:1057D000904219D0106070474068014451601046F3
:1057E000F0E710B40A4C2468A3420BD05B6819445C
:1057F000416013681B680360904200D010605DF840
:10580000044B70470460F7E7704700BF240D002089
:10581000200D002038B5044600F0FEFE384B1B6812
:10582000B3B1384B1B681C4250D1002C50D004F14E
:10583000080214F0070F02D022F007020832002AF3
:1058400055D0314B1B68934253D330490C6804E068
:10585000FFF77CFFE5E721461C466368934202D2CE
:105860002368002BF7D1264B1B68A34243D00D6859
:10587000083523680B6063689B1A102B10D9A01899
:1058800010F0070F08D04FF0500383F31188BFF3D7
:105890006F8FBFF34F8FFEE743606260FFF788FFB3
:1058A000626819490B689B1A0B60194909688B4299
:1058B00001D217490B60134B1B681343636000232D
:1058C0002360144A13680133136002E0002500E0EE
:1058D000002500F043FF15F0070F0ED04FF05003E6
:1058E00083F31188BFF36F8FBFF34F8FFEE700255F
:1058F000EFE70025EDE70025EBE7284638BD00BFC0
:10590000200D00200C0D00201C0D0020240D002077
:10591000180D0020140D0020002834D038B504469E
:10592000A0F1080550F8043C174A1268134208D148
:105930004FF0500383F31188BFF36F8FBFF34F8F86
:10594000FEE750F8081C41B14FF0500383F3118873
:10595000BFF36F8FBFF34F8FFEE723EA020340F8D8
:10596000043C00F059FE54F8041C084A13680B4428
:1059700013602846FFF71CFF054A136801331360C4
:1059800000F0ECFE38BD70470C0D00201C0D00200F
:10599000100D002010B50446FFF784FDA26BE36BE9
:1059A0009A4204D00024FFF79FFD204610BD012439
:1059B000F9E710B50446FFF775FDA36B23B9012481
:1059C000FFF792FD204610BD0024F9E770B50446AC
:1059D0001546866B026C5AB903681BB1002001366C
:1059E000A66370BD806801F0EBF80023A360F6E7C2
:1059F0006DB9406802F029FB6368226C1344636050
:105A0000A268934219D3236863602846E7E7C06819
:105A100002F01BFBE368226C51429B1AE360226890
:105A2000934202D2A3680B44E360022D01D0002010
:105A3000D5E726B1013E0020D1E72846CFE7002078
:105A4000CDE70346026C6AB110B50846D968114427
:105A5000D9609C68A14201D31968D960D96802F065
:105A6000F4FA10BD704738B50546FFF71BFD95F8F1
:105A7000454064B201E0013C64B2002C0ADD6B6A6F
:105A800043B105F1240000F0DDFF0028F3D001F060
:105A90006FF8F0E7FF2385F84530FFF725FDFFF7A6
:105AA00001FD95F8444064B201E0013C64B2002C71
:105AB0000ADD2B6943B105F1100000F0C3FF002897
:105AC000F3D001F055F8F0E7FF2385F84430FFF7F5
:105AD0000BFD38BD38B5E0B10D460446FFF7E2FCDA
:105AE0002368E26B216C01FB0230A0600020A06300
:105AF0006360013A02FB0133E360FF2384F8443022
:105B000084F84530FDB9236963B9FFF7EDFC012046
:105B100038BD4FF0500383F31188BFF36F8FBFF38D
:105B20004F8FFEE704F1100000F08CFF0028ECD04E
:105B30004FF0E0234FF08052C3F8042DBFF34F8F96
:105B4000BFF36F8FE1E704F11000FFF7FCFB04F1F6
:105B50002400FFF7F8FBD8E738B51D46049C0B4638
:105B600049B92460E063236401212046FFF7B2FFB6
:105B700084F84C5038BD2260F4E740B94FF0500330
:105B800083F31188BFF36F8FBFF34F8FFEE710B51C
:105B900084B01C46844653B192B189B94FF050038A
:105BA00083F31188BFF36F8FBFF34F8FFEE74FF082
:105BB000500383F31188BFF36F8FBFF34F8FFEE75E
:105BC0006AB150230393039B502B13D04FF0500323
:105BD00083F31188BFF36F8FBFF34F8FFEE7002968
:105BE000EFD04FF0500383F31188BFF36F8FBFF3F3
:105BF0004F8FFEE7039B012384F8463000949DF805
:105C000018306046FFF7A8FF204604B010BDF0B57D
:105C100085B0019288B10F461D460446B1B1022DF0
:105C200020D1E36B012B1DD04FF0500383F311887B
:105C3000BFF36F8FBFF34F8FFEE74FF0500383F337
:105C40001188BFF36F8FBFF34F8FFEE7036C002BFC
:105C5000E5D04FF0500383F31188BFF36F8FBFF38C
:105C60004F8FFEE700F09CFF064658B9019B002BC2
:105C700048D04FF0500383F31188BFF36F8FBFF309
:105C80004F8FFEE700263DE02A4639462046FFF7C3
:105C90009DFE636A7BB948B14FF0E0234FF080521C
:105CA000C3F8042DBFF34F8FBFF36F8FFFF71CFCBA
:105CB000012005B0F0BD04F1240000F0C3FE00286F
:105CC000F4D04FF0E0234FF08052C3F8042DBFF31F
:105CD0004F8FBFF36F8FE9E7FFF706FC0020E8E77F
:105CE00002A800F0F5FE012619E0002384F84430F4
:105CF00021E0002384F8453023E02046FFF7B3FE7F
:105D000000F02CFDFFF7CEFBA26BE36B9A42BBD3F6
:105D1000022DB9D0019B002BDED0002EE0D0FFF782
:105D2000E3FB00F079FCFFF7BDFB94F8442052B28E
:105D3000B2F1FF3FD9D094F8452052B2B2F1FF3F03
:105D4000D7D0FFF7D1FB01A902A800F0CDFED8B94A
:105D50002046FFF71FFE0028CFD0019904F1100064
:105D600000F03CFE2046FFF77EFE00F0F7FC002826
:105D7000C8D14FF0E0234FF08052C3F8042DBFF399
:105D80004F8FBFF36F8FBDE72046FFF76CFE00F02B
:105D9000E5FC00208DE72DE9F84390B10F4616464B
:105DA0001C460546B1B1022C20D1EB6B012B1DD056
:105DB0004FF0500383F31188BFF36F8FBFF34F8F02
:105DC000FEE74FF0500383F31188BFF36F8FBFF3EB
:105DD0004F8FFEE7036C002BE5D04FF0500383F3A9
:105DE0001188BFF36F8FBFF34F8FFEE7FFF780FC83
:105DF000EFF311884FF0500383F31188BFF36F8FD7
:105E0000BFF34F8FAA6BEB6B9A4206D3022C04D0E0
:105E1000002088F31188BDE8F88395F845904FFA83
:105E200089F9AB6B224639462846FFF7CFFDB9F119
:105E3000FF3F06D009F101035BB285F84530012030
:105E4000E7E76B6A0BB90120E3E705F1240000F0F6
:105E5000F9FD18B126B101203060DAE70120D8E75A
:105E60000120D6E7F0B585B0019290B10F46044607
:105E7000C1B100F095FE064600BB019B002B5ED031
:105E80004FF0500383F31188BFF36F8FBFF34F8F31
:105E9000FEE74FF0500383F31188BFF36F8FBFF31A
:105EA0004F8FFEE7036C002BE3D04FF0500383F3DA
:105EB0001188BFF36F8FBFF34F8FFEE700263EE0E0
:105EC00039462046FFF7BDFD013DA563236923B98F
:105ED000FFF70AFB012005B0F0BD04F1100000F04F
:105EE000B1FD0028F4D04FF0E0234FF08052C3F80A
:105EF000042DBFF34F8FBFF36F8FE9E7FFF7F4FA7D
:105F00000020E8E702A800F0E3FD012621E00023DD
:105F100084F8443029E0002384F845302BE0204603
:105F2000FFF7A1FD00F01AFC09E02046FFF79BFDFA
:105F300000F014FC2046FFF73CFD00283FD1FFF79E
:105F4000B1FAA56B002DBBD1019B002BD6D0002E42
:105F5000D8D0FFF7C9FA00F05FFBFFF7A3FA94F877
:105F600044305BB2B3F1FF3FD1D094F845305BB21F
:105F7000B3F1FF3FCFD0FFF7B7FA01A902A800F0B5
:105F8000B3FD0028D1D12046FFF713FD0028C6D06D
:105F9000019904F1240000F021FD2046FFF763FD84
:105FA00000F0DCFB0028CAD14FF0E0234FF0805214
:105FB000C3F8042DBFF34F8FBFF36F8FBFE70020EF
:105FC00089E700000023072B0CD8074A52F833203A
:105FD0000AB10133F7E7044A42F8331002EBC30277
:105FE00050607047704700BF2C49002070B50446D0
:105FF0000D461646FFF756FA94F844305BB2B3F1FB
:10600000FF3F0DD094F845305BB2B3F1FF3F0BD0AA
:10601000FFF76AFAA36B5BB12046FFF724FD70BD62
:10602000002384F84430EDE7002384F84530EFE79F
:106030003246294604F1240000F0E8FCECE7002396
:1060400001E0013001330278A52AFAD0C3F38F00B2
:1060500070470000084B1B681B6823B9074B4FF0C3
:10606000FF321A607047044B1B68DB68DB685A68B4
:10607000024B1A60704700BFDC49002074490020C1
:106080002DE9F04780460D4617469946089EDDF8F3
:1060900024A00A9C9200A521206B01F057FF236BDE
:1060A00007F18042013A03EB820727F00707A5B307
:1060B0004FF0000CBCF10F0F09D815F80C3004EBB1
:1060C0000C0282F8343013B10CF1010CF2E700231A
:1060D00084F84330372E00D93726E662E66400257F
:1060E0002565201DFFF73AF904F11800FFF736F98E
:1060F0002461C6F13806A6616462656584F858506B
:106100004A4641463846FFF7A1F92060BAF1000F30
:1061100001D0CAF80040BDE8F087002384F834308D
:10612000D8E7000038B5002407E004EB84029300B0
:106130000E481844FFF707F90134372CF5D90C4DF8
:106140002846FFF700F90B4C2046FFF7FCF80A48F9
:10615000FFF7F9F80948FFF7F6F80948FFF7F3F8F1
:10616000084B1D60084B1C6038BD00BF084A00206A
:10617000F4490020E0490020C4490020B049002033
:1061800098490020DC490020D849002010B5044679
:10619000FFF788F9224A136801331360214B1B680B
:1061A0005BB1214B1B686BB91E4B1B68DA6AE36A53
:1061B0009A4207D81B4B1C6004E01A4B1C60136802
:1061C000012B29D0194A1368013313606364E06A14
:1061D000174B1B68984201D9154B186000EB8000E3
:1061E000211D144B03EB8000FFF7BBF8FFF77CF990
:1061F0000D4B1B687BB10B4B1B68DA6AE36A9A4252
:1062000009D24FF0E0234FF08052C3F8042DBFF3C2
:106210004F8FBFF36F8F10BDFFF784FFD2E700BF32
:1062200094490020684E00208849002078490020C9
:106230008C490020084A002010B5044690F85930D7
:1062400063B1012B11D0022B0ED04FF0500383F31A
:106250001188BFF36F8FBFF34F8FFEE7006BFFF71F
:106260005BFB2046FFF758FB10BDFFF755FBFBE734
:106270000F4B1B68D3B110B5FFF714F90D4BDB685A
:10628000DC68201DFFF791F80B4A1368013B13608F
:10629000074A1368013B1360FFF726F92046FFF712
:1062A000CBFF034B1B68002BE6D110BD704700BF2E
:1062B000AC490020B04900209449002008B5FFF700
:1062C000D7FF074B1B68012BF9D94FF0E0234FF0A4
:1062D0008052C3F8042DBFF34F8FBFF36F8FEEE7EB
:1062E000084A002070B504460D46174B1E68174B30
:1062F00018680430FFF759F8B4F1FF3F0DD034446B
:10630000124B1B685C60A64210D9114B18680F4BEA
:1063100019680431FFF730F870BD002DEFD00B4B3A
:10632000196804310B48FFF71CF8F5E70A4B1868A9
:10633000064B19680431FFF71FF8084B1B68A3428E
:10634000EAD9064B1C60E7E790490020684E002020
:10635000D849002098490020DC49002074490020D9
:1063600030B587B00B9C7CB10C9DB5B15C25049514
:10637000049D5C2D1AD04FF0500383F31188BFF3B6
:106380006F8FBFF34F8FFEE74FF0500383F31188F9
:10639000BFF36F8FBFF34F8FFEE74FF0500383F3D0
:1063A0001188BFF36F8FBFF34F8FFEE7049D0C9DE5
:1063B0002C63022485F8594000240394029505AC0F
:1063C00001940A9C0094FFF75BFE0C98FFF7DEFE39
:1063D000059807B030BD2DE9F04385B007468846E3
:1063E00014461E469000FFF715FA08B381465C205C
:1063F000FFF710FA0546A8B1C0F83090002380F8E6
:106400005930039302900D9B01930C9B00933346EC
:10641000224641463846FFF733FE2846FFF7B6FED0
:10642000012007E04846FFF777FA4FF0FF3001E020
:106430004FF0FF3005B0BDE8F083000038B50446EA
:10644000FFF730F824B3251D2846FEF7AEFFA36AF8
:106450001BB104F11800FEF7A8FF1F4A13680133AF
:1064600013601E4B1B68A34215D01D4A1368013BE5
:1064700013602046FFF7E0FEFFF7ECFDFFF734F86E
:10648000184B1B681BB1154B1B68A3420CD038BDC1
:10649000124B1C68D7E729461348FEF762FF134AE0
:1064A000136801331360E9E7114B1B6843B14FF0E8
:1064B000500383F31188BFF36F8FBFF34F8FFEE755
:1064C0004FF0E0234FF08052C3F8042DBFF34F8FFD
:1064D000BFF36F8FDBE700BF78490020684E0020D4
:1064E0009449002088490020B0490020AC49002090
:1064F0006C490020F8B5D0B104461C4B1B688342A0
:106500002CD0FEF7CFFF6569194B1E68194B1F6829
:10651000FEF7EAFFB54223D0BD4223D0164B9D4281
:106520000ED0164B9D421FD0B5B1012017E04FF0A1
:10653000500383F31188BFF36F8FBFF34F8FFEE7D4
:10654000A36A0BB102200AE094F85830012B01D065
:10655000032004E0022002E0042000E00020F8BD57
:106560000220FCE70220FAE70420F8E7684E00204A
:10657000DC490020D849002098490020B04900207B
:1065800010B588B000240594069407AA06A905A8AA
:10659000FEF78EFE059B0293069B01930094234613
:1065A000079A17491748FFF7DBFE174B1860C0B171
:1065B00000F004FC012815D14FF0500383F311883B
:1065C000BFF36F8FBFF34F8F104B4FF0FF321A6046
:1065D0000F4B01221A600F4B00221A60FEF7FCFFDE
:1065E00003E00020B0F1FF3F01D008B010BD4FF034
:1065F000500383F31188BFF36F8FBFF34F8FFEE714
:10660000F89D0008BD620008704900207449002010
:106610008849002090490020024A13680133136022
:10662000704700BF6C490020014B1868704700BFDD
:106630009049002008B5FFF75BF8014B186808BDCA
:1066400090490020F8B53A4B1B68002B69D1394BB3
:106650001D6801351D60C5B9374B1B681B6843B108
:106660004FF0500383F31188BFF36F8FBFF34F8F49
:10667000FEE7314A1168314B186810601960304AE2
:10668000136801331360FFF7E5FC2E4B1B68AB4228
:106690003DD900272C4B1B68DB6A03EB83039A0070
:1066A0002A4B9B58012B00D90127294B1B68002B33
:1066B0003CD001273AE001271F4B1B681B6843B3FE
:1066C0001D4B1B68DB68DC6863689D4226D3261D72
:1066D0003046FEF76AFEA36A1BB104F11800FEF70C
:1066E00064FEE36A1B4A1268934201D9194A136097
:1066F00003EB83039A00314614481044FEF731FE41
:10670000E26A114B1B68DB6A9A42D4D2D4E70027B5
:10671000D2E70C4B4FF0FF321A60BBE7094A136017
:10672000B8E70D4A13680133136000273846F8BDF7
:106730006C49002090490020DC490020D849002005
:106740007C49002074490020684E0020084A00203F
:10675000804900208C4900208449002038B5354B01
:106760001B6843B94FF0500383F31188BFF36F8F59
:10677000BFF34F8FFEE7FEF795FE2E4B1A68013AE6
:106780001A601B68002B4FD12B4B1B680BB90024E0
:106790004BE00024294B1B681BB3284BDB68DC68EB
:1067A00004F11800FEF701FE251D2846FEF7FDFD49
:1067B000E06A234B1B68984201D9214B186000EB1B
:1067C000800029461F4B03EB8000FEF7CAFDE26AFA
:1067D0001D4B1B68DB6A9A42DCD31C4B01221A60FA
:1067E000D8E70CB1FFF736FC194B1C6884B9174B7E
:1067F0001C68D4B14FF0E0234FF08052C3F8042D51
:10680000BFF34F8FBFF36F8F01240EE0013C07D021
:10681000FFF718FF0028F9D00C4B01221A60F5E7AA
:106820000B4B00221A60E2E70024FEF75DFE2046D3
:1068300038BD00BF6C49002094490020C4490020A5
:106840008C490020084A0020684E00208049002022
:106850008449002038B558B10C46054689B94FF037
:10686000500383F31188BFF36F8FBFF34F8FFEE7A1
:106870004FF0500383F31188BFF36F8FBFF34F8F37
:10688000FEE71B4B1B6843B14FF0500383F31188A5
:10689000BFF36F8FBFF34F8FFEE7FFF7BDFE154BC2
:1068A00018682B681C44834209D9A34201D82C6084
:1068B0000EE0A04201D32C600AE02C6004E0A34269
:1068C00001D8A04212D22C600021201AFFF70AFD45
:1068D000FFF744FF48B94FF0E0234FF08052C3F870
:1068E000042DBFF34F8FBFF36F8F38BD2C60EFE7E0
:1068F0006C4900209049002010B5A8B10446104B07
:106900001B6843B14FF0500383F31188BFF36F8FBF
:10691000BFF34F8FFEE7FFF77FFE00212046FFF712
:10692000E1FCFFF71BFF48B94FF0E0234FF0805226
:10693000C3F8042DBFF34F8FBFF36F8F10BD00BF9F
:106940006C490020204B1B681BB1204B01221A60B0
:1069500070471E4B00221A601D4B1B6803EB83011E
:106960008A001C498A585AB90BB1013BF6E74FF02F
:10697000500383F31188BFF36F8FBFF34F8FFEE790
:10698000084603EB83018A0002445168496851605C
:1069900003EB830C4FEA8C020832024491420BD085
:1069A00003EB830291000B4A0A445268D1680A4AF9
:1069B0001160074A13607047486862469100054AB3
:1069C0000A445060ECE700BF6C4900208049002079
:1069D0008C490020084A0020684E002058B110B5AC
:1069E0000C46094A11681831FEF7C6FC0121204601
:1069F000FFF778FC10BD4FF0500383F31188BFF30D
:106A00006F8FBFF34F8FFEE7684E002038B570B12F
:106A10000D4614460A4A11681831FEF7A2FC0CB163
:106A20004FF0FF3521462846FFF75CFC38BD4FF09C
:106A3000500383F31188BFF36F8FBFF34F8FFEE7CF
:106A4000684E002038B5C368DC6824B304F118052B
:106A50002846FEF7AAFC184B1B682BBB251D2846B1
:106A6000FEF7A3FCE06A154B1B68984201D9134B53
:106A7000186000EB80002946114B03EB8000FEF705
:106A800070FCE26A0F4B1B68DB6A9A4211D9012045
:106A90000D4B186038BD4FF0500383F31188BFF3DE
:106AA0006F8FBFF34F8FFEE729460848FEF759FC6A
:106AB000E7E70020EEE700BF6C4900208C4900208A
:106AC000084A0020684E002080490020C449002068
:106AD000034B1B680360034B1B684360704700BF98
:106AE0007C49002090490020E0B170B50C46054675
:106AF00009B3FEF7D7FC1C4B19686B68C81A2268EB
:106B0000B2F1FF3F28D0DFF864C0DCF800C02E6887
:106B1000664501D08B4224D9824215D800232360D8
:106B200001241AE04FF0500383F31188BFF36F8FF5
:106B3000BFF34F8FFEE74FF0500383F31188BFF38D
:106B40006F8FBFF34F8FFEE75B1A13442360284615
:106B5000FFF7BEFF002400E00024FEF7C5FC20463E
:106B600070BD0124F9E700BF904900207C49002056
:106B7000014B01221A6070478049002008B5034686
:106B800018B1186BFFF75BFA08BD014B1B68F8E7FB
:106B9000684E0020014B1868704700BF684E002007
:106BA000054B1B6833B1054B1B680BB100207047C8
:106BB0000220704701207047884900206C4900205E
:106BC00000283BD038B504461E4B1B68834208D0D2
:106BD0004FF0500383F31188BFF36F8FBFF34F8FD4
:106BE000FEE7036D43B94FF0500383F31188BFF301
:106BF0006F8FBFF34F8FFEE7013B0365C16AC26C25
:106C000091421DD00BB1002038BD051D2846FEF76E
:106C1000CCFBE06CE062C0F13803A3610A4B1B6857
:106C2000984201D9084B186000EB80002946074BB9
:106C300003EB8000FEF795FB0120E5E7002070479D
:106C40000020E1E7684E00208C490020084A00201F
:106C5000F8B506460F4614461D46FEF723FC204BAA
:106C60001B6893F85830022B0AD01D4A11684B6DEF
:106C700023EA06034B651368012283F85820C5B93F
:106C8000FEF732FCFEF70EFC1CB1154B1B685B6D6A
:106C90002360134B1B6893F85830022B18D0002444
:106CA0000F4B1B68002283F85820FEF71DFC20467E
:106CB000F8BD11462846FFF715FB4FF0E0234FF0D3
:106CC0008052C3F8042DBFF34F8FBFF36F8FD7E708
:106CD000034B1A68536D23EA070353650124DFE76A
:106CE000684E0020064B1A6813682BB90123036015
:106CF00023B9D368186870470023F8E7002070476D
:106D00006C4F002008B54160006191420CD8D21A46
:106D100083699A4201D3012008BD011D094B1868FF
:106D2000FEF72AFB0020F7E79A4201D2994206D2E9
:106D3000011D054B1868FEF71FFB0020ECE7012042
:106D4000EAE700BF684F00206C4F002030B583B0E9
:106D5000FEF7A8FB114B1B681BB1FEF7C5FB03B088
:106D600030BD0F4D2846FEF7EEFA0E4C2046FEF7DA
:106D7000EAFA0D4B1D600D4B1C60002300930C4B79
:106D80000C4A10210A20FEF7F8FE044B1860002878
:106D9000E3D00949FFF716F9DFE700BF644F002091
:106DA000844F0020704F00206C4F0020684F00205F
:106DB0006C4E0020BC4E0020009E000810B588B02C
:106DC000FFF7C4FF124B1B68CBB100240594069457
:106DD00007AA06A905A8FEF777FA059B0293069B6A
:106DE0000193022300932346079A0A490A48FFF7B2
:106DF000B7FA0A4B186010B1012008B010BD4FF06F
:106E0000500383F31188BFF36F8FBFF34F8FFEE7FB
:106E1000644F0020089E000821710008604F002088
:106E2000B8B19C4603461848006858B300B585B011
:106E300000910192029305291CDCFFF7B1FE0228A4
:106E400010D000231A4669460F480068FEF7DFFE9F
:106E500015E04FF0500383F31188BFF36F8FBFF33A
:106E60004F8FFEE70023069A694607480068FEF741
:106E7000CEFE04E0002362466946FEF78CFF05B0B3
:106E80005DF804FB00207047644F002070B582B0AD
:106E90001B4B1B681A6862B3DB681E68DC68251D23
:106EA0002846FEF782FA236A2046984794F828304D
:106EB00013F0040FECD0A36933449E4207D2636001
:106EC000246129460E4B1868FEF756FAE0E70021C8
:106ED00000910B4632462046FFF7A2FF0028D7D18B
:106EE0004FF0500383F31188BFF36F8FBFF34F8FC1
:106EF000FEE7044A106802490860136002B070BDE2
:106F00006C4F0020684F002038B50546FFF78CFB1A
:106F10000446074B1B68834205D800232B60044BB3
:106F20001C60204638BDFFF7B1FF01232B60F6E758
:106F30005C4F002070B582B006460D4617490968BF
:106F4000C968CC68201DFEF730FA94F828C01CF000
:106F5000040F08D12CF0010C84F828C0236A2046C5
:106F6000984702B070BDA16933462A463144204695
:106F7000FFF7C8FE0028F1D0002100910B463246F1
:106F80002046FFF74DFF0028E8D14FF0500383F370
:106F90001188BFF36F8FBFF34F8FFEE76C4F002058
:106FA00070B582B006460C46FFF736FB01A8FFF726
:106FB000ABFF019B33BB0546E4B9B04213D2224676
:106FC000711B124B1868FFF711F8FFF7C7FBD8B910
:106FD0004FF0E0234FF08052C3F8042DBFF34F8FE2
:106FE000BFF36F8F10E0FFF7B9FB29463046FFF77C
:106FF000A1FF09E0064A126812680AB90124DEE717
:107000001C46DCE7FFF7AAFB02B070BD644F00200E
:10701000684F002010B588B002E0049B002B0FDA07
:10702000002204A93D4B1868FEF71CFF002872D00F
:10703000049B002BF1DA07990698059B9847ECE72B
:10704000069C636913B1201DFEF7AFF903A8FFF793
:107050005BFF0246049B092BE2D8DFE803F005053D
:10706000052F364E05052F3694F8283043F00103DE
:1070700084F82830059BA16919442046FFF742FE99
:107080000028CDD0236A2046984794F8283013F082
:10709000040FC5D0A269002100910B460598024457
:1070A0002046FFF7BDFE0028BAD14FF0500383F30E
:1070B0001188BFF36F8FBFF34F8FFEE794F828302E
:1070C00023F0010384F82830AAE794F8283043F02D
:1070D000010384F828300599A16129B103460144D0
:1070E0002046FFF70FFE9BE74FF0500383F3118814
:1070F000BFF36F8FBFF34F8FFEE794F8283013F084
:10710000020F04D023F0010384F8283088E72046DA
:10711000FEF702FC84E708B010BD00BF644F0020FA
:1071200000B583B001A8FFF7DDFD0199FFF738FF37
:10713000FFF770FFF6E70000DFF834D0FAF750F9F8
:107140000C480D490D4A002302E0D458C4500433C2
:10715000C4188C42F9D30A4A0A4C002301E0136098
:107160000432A242FBD300F049FFF9F70FFF70474A
:107170000000022000000020E40100207CA20008A2
:10718000E4010020E4500020FEE700002DE9F04774
:10719000089D0F4604468C46002B48D18A4216466D
:1071A00061D9B2FA82F34BB1C3F1200201FA03FCB8
:1071B00020FA02F29E4042EA0C0C9C404FEA164E26
:1071C000B7B2BCFBFEF1220C0EFB11CC42EA0C4222
:1071D00001FB07F0904209D9B21801F1FF3C80F0A1
:1071E000EE80904240F2EB8002393244121AA4B28F
:1071F000B2FBFEF00EFB102244EA024400FB07F74C
:10720000A74209D9341900F1FF3280F0DA80A74291
:1072100040F2D7803444023840EA0140E41B0021A8
:107220001DB1DC400023C5E90043BDE8F0878B4277
:1072300006D90DB1C5E9000100210846BDE8F08777
:10724000B3FA83F1002948D1BB4202D3824200F253
:107250000781841A67EB030201209446002DE4D0D5
:10726000C5E9004CE1E7002A00F09280B2FA82F30F
:10727000002B40F0A8808A1A4FEA164E1FFA86FCAF
:107280000121200CB2FBFEF70EFB172240EA02425E
:107290000CFB07F0904207D9B21807F1FF3802D271
:1072A000904200F2E2804746121AA4B2B2FBFEF00E
:1072B0000EFB102244EA02440CFB00FCA44507D953
:1072C000341900F1FF3202D2A44500F2CB801046FF
:1072D000A4EB0C0440EA0740A2E7C1F120068B4072
:1072E00022FA06FC4CEA030C07FA01F420FA06F332
:1072F000F7404FEA1C49234300FA01F81FFA8CFEBD
:10730000B7FBF9F01C0C09FB107744EA074400FBBB
:107310000EF7A74202FA01F20AD91CEB040400F1AD
:10732000FF3A80F09B80A74240F298800238644484
:10733000E41B9FB2B4FBF9F309FB134447EA04448E
:1073400003FB0EFEA64509D91CEB040403F1FF372D
:1073500080F08280A6457FD9023B644443EA004026
:10736000A4EB0E04A0FB02E7BC427346B94663D30C
:1073700060D05DB1B8EB030264EB090404FA06F6D1
:1073800022FA01F31E43CC40C5E9006400214CE71A
:107390006208480842EAC1710B0C43EA00438AB212
:1073A00042EA0342B3FBF6F1E407B4463746B64679
:1073B0001F23B0FBF6F0D21B41EA004161E76146B2
:1073C00014E7104628E7C3F1200120FA01F29E409D
:1073D00027FA01F19F403A434FEA164E1FFA86FC06
:1073E000B1FBFEF70EFB1710110C41EA004107FB41
:1073F0000CF8884504FA03F43AD9711807F1FF3004
:1074000001D288451FD8A1EB0801B1FBFEF808FBAB
:107410000CF70EFB181192B242EA0142BA422FD287
:10742000B21808F1FF31C6D2BA42C4D2A8F10201A3
:107430003244C0E7F0459CD2BEEB020367EB0C0779
:107440000138B94695E7A6EB08084144B81EB1FBE0
:10745000FEF808FB0CF7DCE73B467FE7504667E7A2
:107460000846FBE63444023832E7023F32441BE769
:10747000A1EB08013846B1FBFEF808FB0CF7C8E7A2
:10748000414698E72DE9FF4757EC106B002F0C465B
:1074900019463B46BBBF07F100431F4600232D237F
:1074A0000B700D9BDDF830A0914623F02008BCBF87
:1074B00032461646B8F1460F05D0B8F1450F00D157
:1074C0000134022100E0032103AB019302AB0093DE
:1074D00047EC106B5346224600F04EFEB8F1470FC2
:1074E000054619D119F0010F0ED000EB0409002256
:1074F000002330463946F9F765F808B1CDF80C900D
:107500003022039B4B451ED3039B0E9A5B1B2846E0
:10751000136004B0BDE8F087B8F1460F00EB040932
:10752000E5D10378302B0AD10022002330463946BA
:10753000F9F748F818B9C4F10104CAF80040DAF8BC
:1075400000309944D3E7591C03911A70D9E7F7B575
:107550000029BABF49422D232B2309290270437009
:1075600029DD0DF1070425460A272246B1FBF7F66F
:1075700007FB1613303302F8013C0B46632B04F172
:10758000FF343146F1DC3031931E04F8011C411CFC
:107590001C46AB420AD30DF109039B1AA54238BF22
:1075A0000023821C1344181A03B0F0BD13F8016BBA
:1075B00001F8016FEDE7302330318370C170031D96
:1075C000F1E700002DE9F04F8DB00C46DDF8588052
:1075D00016461F46054600F0C1FC03680693184690
:1075E000F9F78EF800230A93D8F8003094F818A021
:1075F000D4F800B00790073323F00703B3EC027B05
:107600008DED047BC8F80030DDE9048323F00049E8
:1076100084ED127B9C4B4FF0FF3240464946F9F710
:1076200089FA70BB984B4FF0FF3240464946F8F755
:10763000DDFF30BBDDE9040100220023F8F7CCFFB9
:1076400010B12D2384F84330904A914BBAF1470F83
:107650008CBF90469846032323612BF004032360DC
:107660004FF00009009733460BAA2146284600F048
:10767000D1F9013040F08C804FF0FF300DB0BDE803
:10768000F08FDDE9042310461946F9F753FA40B1AB
:10769000059B804A002BBCBF2D2384F843307E4BD2
:1076A000D4E763685A1C0AF0DF093BD10623636004
:1076B0004BF480620023226003930AABCDE901A35F
:1076C00009AB009361689DED040B0DF1230328467F
:1076D000FFF7D8FEB9F1470F0999804629D1C81C98
:1076E00002DB63688B4241DAAAF1020A5FFA8AFA86
:1076F0000139524604F150000991FFF728FF0A9A18
:107700001318012A8146236102DC2268D20701D5C1
:10771000013323619DF82330002BA3D02D2384F85F
:1077200043309FE7B9F1470FC2D1002BC0D10123ED
:10773000BDE7BAF1650FDBD9BAF1660F18D10029A0
:1077400063680BDD216113B92268D00702D50133CC
:107750000B442361A1654FF00009DBE713B92268F0
:10776000D20701D50233F4E70123F2E74FF0670AAD
:107770000A9B8B4205DC23682161D807EAD54B1CA4
:10778000E7E70029D4BFC1F1020201221344E0E778
:1077900023685A0507D42369424631462846B8472C
:1077A00001302BD168E7BAF1650F40F2DD80D4E9F2
:1077B000120100220023F8F705FF002833D0374AD2
:1077C000012331462846B84701303FF455AFDDE983
:1077D0000938434502DB2368D8070FD5DDE90623C6
:1077E00031462846B84701303FF446AF4FF0000914
:1077F00008F1FF3804F11A0AC84509DC23689B0721
:1078000000F10381E0680B9B9842B8BF184635E74A
:107810000123524631462846B84701303FF42CAF89
:1078200009F10109E8E7099B002B39DC1B4A012318
:1078300031462846B84701303FF41EAFDDE909392B
:1078400059EA030302D12368D907D7D5DDE9062316
:1078500031462846B84701303FF40EAF4FF0000ADA
:1078600004F11A0B099B5B42534501DC4B4693E73D
:1078700001235A4631462846B84701303FF4FCAE52
:107880000AF1010AEEE700BFFFFFEF7FF89E000854
:10789000F49E0008009F0008FC9E0008049F00085A
:1078A000A36DDDF828A05345A8BF5346002B994689
:1078B00036DC4FF0000B29EAE97904F11A02A36DD6
:1078C0000493A3EB09035B4531DC099B9A453ADC41
:1078D0002368DA0737D4099BAAEB0309049BAAEBB8
:1078E00003039945A8BF9946B9F1000F33DC4FF067
:1078F000000829EAE97904F11A0B099BAAEB0303B2
:10790000A3EB090343457FF779AF01235A4631467C
:107910002846B84701303FF4AFAE08F10108ECE764
:10792000424631462846B8470130C2D1A4E6012379
:10793000314628460492B84701303FF49DAE049A80
:107940000BF1010BBBE7DDE9062331462846B847BA
:107950000130C0D190E6049A4B4642443146284655
:10796000B8470130C3D187E6DDF828A0BAF1010F8E
:1079700001DCDB0736D50123424631462846B847AD
:1079800001303FF479AEDDE9062331462846B84799
:1079900001303FF471AED4E91201002200230AF154
:1079A000FF3AF8F70FFEC0B9534608F1010231461D
:1079B0002846B84701300CD15EE601235A463146CD
:1079C0002846B84701303FF457AE08F10108D045CA
:1079D000F3DB4B4604F15002DFE64FF0000804F100
:1079E0001A0BF4E701234246E1E701234A463146F8
:1079F0002846B84701303FF43FAE08F10108E3687C
:107A00000B995B1A4345F0DCFCE64FF0000804F1EB
:107A10001909F4E72DE9F047164698468A680B697C
:107A2000DDF820909342B8BF1346336091F84320AD
:107A300007460C460AB1013333602368990642BFFA
:107A4000336802333360256815F0060506D104F16A
:107A5000190AE36832689B1AAB4226DC94F843307B
:107A60002268003B18BF012392062BD404F1430285
:107A700041463846C84701301ED02368226903F0CA
:107A80000603042B02BFE5683368ED1AA3680CBF38
:107A900025EAE57500259342C4BF9B1AED18002620
:107AA0001A34B5421AD1002008E00123524641465B
:107AB0003846C847013003D14FF0FF30BDE8F087AA
:107AC0000135C6E7E1185A1C302081F843002244F2
:107AD00094F8451082F843100233C7E70123224689
:107AE00041463846C8470130E6D00136D9E70000A4
:107AF0002DE9F0430D7E85B0782D90460C9E07460B
:107B00000C46994601F1430207D8622D0AD8002D90
:107B100000F0D780582D00F0BC8004F1420684F8B4
:107B200042503BE0A5F16303152BF6D801A151F8B3
:107B300023F000BF8D7B0008A17B00081B7B0008A1
:107B40001B7B00081B7B00081B7B0008A17B000837
:107B50001B7B00081B7B00081B7B00081B7B0008AD
:107B6000A97C0008CB7B00085B7C00081B7B00081D
:107B70001B7B0008CB7C00081B7B0008CB7B00082C
:107B80001B7B00081B7B0008637C000833681A1D00
:107B90001B68326004F1420684F842300123A1E000
:107BA00033682068191D3160060601D51D6803E0A1
:107BB0004506FBD5B3F90050002D03DA2D236D42A5
:107BC00084F843305B480A2311E0216833680806D3
:107BD00053F8045B02D4490648BFADB23360237E3C
:107BE00054486F2B5CD10823002184F84310666849
:107BF000A660002E05DB21682E4321F004012160E0
:107C000050D01646B5FBF3F103FB115C10F80CC025
:107C100006F801CDAC4663450D46F3D9082B0BD1D0
:107C20002368DB0708D5236961689942DEBF3023EA
:107C300006F8013C06F1FF36921B2261CDF8009058
:107C4000434603AA21463846FFF7E4FE01304ED1F1
:107C50004FF0FF3005B0BDE8F083236843F0200308
:107C600023603548782584F845502368316813F03F
:107C7000800F51F8045B03D113F0400F18BFADB271
:107C80003160D90744BF43F0200323601DB11023A6
:107C9000AAE72848E7E7236823F020032360F6E7F4
:107CA0000A23A1E71646B9E7336825686169181DFC
:107CB00030602E061B6801D5196002E06806FBD50E
:107CC0001980002323611646B8E733681A1D326015
:107CD0001E68626800213046F8F7C2FC08B1801BBC
:107CE000606063682361002384F84330A6E723695A
:107CF000324641463846C8470130A9D023689B0721
:107D000013D4E068039B9842B8BF1846A2E701234A
:107D1000324641463846C847013099D00135E368BC
:107D200003995B1AAB42F2DCEBE7002504F119067C
:107D3000F5E700BF069F0008179F0008002310B555
:107D40000446C0E90033C0E904338360818143669F
:107D5000C2818361194608225C3000F0F7F80D4BB0
:107D600063620D4BA3620D4BE3620D4B23630D4B1E
:107D700024629C4206D003F16802944202D0D033C0
:107D80009C4205D104F15800BDE8104000F05AB9FA
:107D900010BD00BFC57E0008E77E00081F7F0008F9
:107DA000457F0008984F0020024A0349034800F02D
:107DB0006BB800BF1C000020459700082C00002075
:107DC00041680C4B994210B5044601D001F0BAFC51
:107DD000A168094B994202D0204601F0B3FCE1684A
:107DE000064B994204D02046BDE8104001F0AABCE1
:107DF00010BD00BF984F00200050002068500020A8
:107E00000C4B0D4A0D4810B504211A600022FFF7F3
:107E100095FF0A4B01221C46092103F16800FFF778
:107E20008DFF04F1D0000222BDE810401221FFF7BF
:107E300085BF00BFD0500020A97D0008984F0020CA
:107E4000014800F000B900BFD9500020014800F0FF
:107E5000FBB800BFD950002010B50446FFF7F0FF73
:107E6000236A1BB1BDE81040FFF7F0BF044B23624B
:107E7000044B1B68002BF5D1FFF7C2FFF2E700BFF0
:107E8000C17D0008D05000202DE9F8430746884600
:107E900014460026D4E90195B9F1010905D52468F5
:107EA000002CF7D13046BDE8F883AB89012B07D908
:107EB000B5F90E30013303D029463846C047064392
:107EC0006835E9E710B50C46B1F90E1000F06CF812
:107ED0000028ABBF636DA3891B1823F48053ACBF8C
:107EE0006365A38110BD2DE9F0411F468B89DB0539
:107EF00005460C46164605D5B1F90E1002230022A0
:107F000000F040F8A389B4F90E1023F48053A38144
:107F100032463B462846BDE8F04100F057B810B560
:107F20000C46B1F90E1000F02DF8B4F90C30421CDB
:107F30000BBF23F4805343F48053A381A38118BF64
:107F4000606510BDB1F90E1000F00CB80244034694
:107F5000934200D1704703F8011BF9E700487047CE
:107F60006801002038B5064D0023044608462B6002
:107F7000F9F706FA431C02D12B6803B1236038BD20
:107F8000D450002038B5074D04460846114600225B
:107F90002A601A46F9F7FEF9431C02D12B6803B197
:107FA000236038BDD450002038B5074D044608463C
:107FB000114600222A601A46F9F7C4F9431C02D17F
:107FC0002B6803B1236038BDD450002038B5074D6D
:107FD00004460846114600222A601A46F9F7C2F9FB
:107FE000431C02D12B6803B1236038BDD45000205C
:107FF000014B1868704700BF2800002070B50D4B7A
:108000000D4D5B1B9C100026A64209D101F0D0FE4D
:108010000A4D0B4B5B1B9C100026A64205D170BD80
:1080200055F8043B98470136EEE755F8043B98476E
:108030000136F2E774A2000874A2000874A20008D6
:1080400078A200087047704770470A44914200F1D7
:10805000FF3300D1704710B511F8014B03F8014F01
:108060009142F9D110BD2DE9F74F03690C69A34284
:1080700007467EDB013C01F11408A30000F1140562
:10808000009305EB8403019358F8243055F824201D
:1080900001339A4208EB8409B2FBF3F62ED34FF07A
:1080A000000AC446AE46D3465CF8043B98B206FBD1
:1080B00000A0020C1B0C06FB0323DEF8002080B29C
:1080C00092B2121A5A44DEF800004FEA134A9BB2E9
:1080D000C3EB224303EB104392B242EA0342E14571
:1080E0004EF8042B4FEA234BDED2009BEB582BB902
:1080F000019B043B9D421A462FD33C61384601F058
:1081000093F9002825DB2946002058F8042BD1F8E4
:1081100000C01FFA82FE1FFA8CF3A3EB0E03034488
:10812000120CC2EB234202EB1C429BB243EA024315
:10813000C14541F8043B4FEA2240E6D255F82420DD
:1081400005EB840322B9043B9D421A460BD33C61E4
:108150000136304603B0BDE8F08F1268043B002AB8
:10816000CBD1013CC6E71268043B002AEFD1013CA9
:10817000EAE70020EEE700002DE9F04F99B08DED21
:108180000E0B0C92C269229C0A9157EC106B81462F
:10819000139382B9102000F015FE0246C9F81C00A6
:1081A00020B9AB4BEF21AB4801F004FB0023C0E941
:1081B00001330360C360116859B152684A600123FA
:1081C00093408B60484600F0F1FED9F81C30002245
:1081D0001A60B7F10008B5BF0123002323602360B4
:1081E0009D4BBCBF28F00048CDF83C8033EA080323
:1081F0001AD1139AC8F3130842F20F7358EA06080B
:10820000136000F06885239B53B9944B21E0944B95
:1082100000930833239A1360009819B0BDE8F08FDB
:108220008E4B00930333F5E79DED0E7B002251EC5E
:10823000170B00238DED067BF8F7C4F9824650B189
:10824000139A01231360239B13B1239A854B136068
:10825000854B0093E0E79DED060B16AA17A948464B
:1082600001F096F95FEA1854169D019079D0079BAA
:10827000CDF850A0C3F31303DDE9060143F07F53AB
:1082800043F44013A4F2FF3419460022774BF7F76A
:108290008BFF69A3D3E90023F8F73AFA68A3D3E97F
:1082A0000023F7F783FF064620460F46F8F7CAF883
:1082B00065A3D3E90023F8F72BFA02460B463046B4
:1082C0003946F7F773FF06460F46F8F749FC0022D8
:1082D0008046002330463946F8F77EF948B14046DB
:1082E000F8F7B0F832463B46F8F76CF908B908F1F0
:1082F000FF38B8F1160F51D85D4B03EBC803D3E933
:108300000023DDE90601F8F767F9002848D008F1F5
:10831000FF38002312932D1B6B1E089343BF0023CD
:10832000C5F1010708930027B8F1000F3ADB089B5D
:10833000CDF8348043440893002309930A9B092B0A
:1083400062D8052BC4BF043B0A930A9BA3F1020326
:10835000CCBF00240124032B62D8DFE803F0515383
:10836000362B179C2C4404F23243202BC1BFC3F19F
:10837000400308FA03F804F2124326FA03F3D6BFC7
:10838000C3F1200348EA030006FA03F0F8F74AF8BD
:108390000122A1F1F873013C149275E70123B9E7BA
:1083A0001290B8E7C8F1000309930023A7EB080770
:1083B0000D93C3E701230B930C9B434405930133B7
:1083C000012B0493B8BF012306E001230B930C9B00
:1083D000002B28DDCDE90433D9F81C00002104224C
:1083E00002F114059D4223D94160484600F0A0FDEA
:1083F0000090002840D11F4B024640F2AF11D2E658
:108400000023E3E70023D6E701240023CDE90A3463
:108410004FF0FF33CDE90433002212230C92DBE747
:1084200001230B93F4E70123CDE904331A46F5E762
:1084300001315200D4E700BF61436F63A787D23F89
:10844000B3C8608B288AC63FFB799F501344D33F43
:10845000359F00084C9F00080000F07F319F000806
:10846000289F0008059F0008049F00080000F83FAF
:10847000A0A00008A79F0008D9F81C30009A1A6035
:10848000049B0E2B00F2A180002C00F09E80B8F11E
:10849000000F36DD9E4B08F00F0203EBC20318F409
:1084A000807FD3E900AB4FEA281516D0994BDDE960
:1084B0000601D3E90823F8F755FACDE9020105F0E2
:1084C0000F050324934E75B9DDE9020152465B4660
:1084D000F8F748FA82468B462DE09DED067B022494
:1084E0008DED027BEEE7E90708D550465946D6E9FF
:1084F0000023F8F70DF9013482468B466D100836DB
:10850000E1E700F0AD80C8F10005814B814E05F038
:108510000F0203EBC203D3E90023DDE90601F8F7FC
:10852000F7F82D1182468B4600230224002D40F0DF
:108530008C80002BCED1129B002B00F09580764BC7
:10854000002250465946F8F747F8002800F08C8082
:10855000049B002B00F08880059B002B35DD08F183
:10856000FF330293504659466C4B0022F8F7D0F87F
:10857000059E82468B4601342046F7F763FF52463C
:108580005B46F8F7C5F8664B0022F7F70FFE044686
:10859000A1F15075CDE91045002E69D1614B002243
:1085A00050465946F7F700FE22462B4682468B4638
:1085B000F8F730F8002840F09482224605F1004395
:1085C00050465946F8F708F820BB179B002BC0F21D
:1085D0006081B8F10E0F00F35C814D4B03EBC803D3
:1085E000D3E900AB0C9B002B80F2EE80049B002BA8
:1085F00000F3EA800ED14B4B002250465946F8F763
:1086000087F802460B46DDE90601F7F7EFFF002881
:1086100000F06A8200252C460C9B009EDB430293EF
:10862000274600242946484600F0C0FC002F00F0F1
:10863000C1802CB1BC4203D02146484600F0B6FCB4
:108640003946484600F0B2FCB4E0EA0705D5D6E961
:108650000023F8F75DF8013401236D10083665E753
:10866000DDE906AB022466E7049ECDF8088083E7C7
:10867000274B03EBC60353E902010B9B002B55D09C
:1086800002460B4600202849F8F76CF9DDE9102373
:10869000F7F78AFD009BCDE910019D191E4659464A
:1086A0005046F8F75DFA0446F7F7CCFE02460B4653
:1086B00050465946F7F778FD3034DDE9102306F8C7
:1086C000014B82468B46F7F787FF002872D152464E
:1086D0005B4611490020F7F767FDDDE91023F7F746
:1086E0007BFF002840F0B680AE423FF46EAFDDE97C
:1086F00010010A4B0022F8F70BF8084BCDE91001E6
:10870000002250465946F8F703F882468B46C6E7E2
:10871000A0A0000878A000080000F03F000024405E
:1087200000001C40000014400000E03FDDE9102381
:10873000F7F7EEFF009B009DCDE910013344159340
:1087400059465046F8F70CFA0446F7F77BFE3034EA
:108750000B46024659465046F7F726FD05F8014BF1
:10876000159B9D4282468B4627D1009B0022DDE966
:1087700010011E44B34BF7F719FD02460B46504655
:108780005946F7F747FF002864D1DDE91023AD49CA
:108790000020F7F709FD02460B4650465946F7F709
:1087A0001BFF00283FF411AF334616F8012D302A85
:1087B000FAD01E46DDF808803AE0A34B0022F7F716
:1087C000A7FF82468B46BBE7009E52465B46DDE92B
:1087D0000601F8F7C7F8F8F7C3F90746F7F732FECE
:1087E00052465B46F7F794FF02460B46DDE9060169
:1087F000F7F7DAFC07F1300C009C06F801CBA6EB8A
:10880000040C049C644502460B4633D1F7F7CEFCBA
:1088100052465B4604460D46F7F7FCFEC0B9524689
:108820005B4620462946F7F7CDFE08B1FB070FD47B
:108830000199484600F0BAFB0023139A337008F1FF
:1088400001031360239B002B3FF4E6AC1E60E3E4BE
:10885000CDF8088033461E4613F8012D392A06D17B
:10886000009A9A42F7D1029A0132029230220132E2
:108870001A709FE7744B0022F7F74AFF02460B4637
:10888000CDE9062300220023F7F79CFE00289CD0A8
:10889000CEE70B9A002A00F0E3800A9A012A00F33F
:1088A000C280149A002A00F0BA8003F23343099D73
:1088B0003E46089A01211A4448461F44089200F097
:1088C00029FC044656B1089B002B07DDB342089AE9
:1088D000A8BF3346FF1AF61AD31A0893099B0BB3A5
:1088E0000B9B002B00F0C380002D00F0BD802146C3
:1088F0002A46484600F0CEFC019A01460446484606
:1089000000F01EFC01998246484600F04FFB099B8F
:108910005B1B099300F0AE80099A5146484600F06F
:10892000B9FC01900121484600F0F4FB0D9B05467F
:10893000002B00F0D7811A460146484600F0AAFCF9
:108940000A9B012B054600F39D800E9B002B40F0F7
:1089500094800F9BC3F31303002B40F08E800F9B7A
:1089600023F000431B0D1B05002B00F08980089BA2
:108970000133013708934FF0010A0D9B002B00F0E3
:10898000B7812B6905EB8303186900F077FBC0F111
:108990002000089B184410F01F007ED0C0F1200377
:1089A000042B72DD089BC0F11C00034407440644FD
:1089B0000893002F05DD01993A46484600F0C6FCB1
:1089C0000190089B002B05DD29461A46484600F019
:1089D000BDFC0546129B002B61D00198294600F092
:1089E00023FD00285BDA08F1FF330293019900238D
:1089F0000A22484600F0FCFA0B9B0190002B00F085
:108A00007981002321460A22484600F0F1FA059BAD
:108A1000002B044672DC0A9B022B49DC6EE0169B9D
:108A2000C3F1360343E7049B5D1E099BAB420DDB9C
:108A30005D1B049B002BBFF63BAF049BFE1A00237B
:108A400037E700BF0000E03F00002440099B0D9A7B
:108A50000995EB1A1A440D92049B3E46002528E71F
:108A6000099D0B9C3E462DE7DDF804A054E7099ACA
:108A7000019953E7CDF804A054E74FF0000A7CE7D2
:108A80009A467AE74FF0000A7BE792D0089A1C33A7
:108A90001A441F441E4408928BE70346F6E7049BE2
:108AA000CDF80880002B23DC05930A9B022B21DDE7
:108AB000059B002B7FF4B0AD29460522484600F007
:108AC00097FA01460546019800F0AEFC00287FF7B2
:108AD000A3AD009E312306F8013B029B01330293B4
:108AE0009EE535462C46F4E7049DCDF80880F9E76D
:108AF000049B05930B9B002B00F00081002E05DDED
:108B000021463246484600F021FC0446BAF1000FE7
:108B10005AD06168484600F00BFA064628B9824BE5
:108B2000024640F2EF21FFF73EBB2269023292007B
:108B300004F10C010C30FFF788FA01223146484657
:108B400000F004FC0746009B009A03F1010B059B13
:108B5000134406930E9B03F0010308930BF1FF33BC
:108B6000294601980493FFF77EFA2146059000F10B
:108B7000300A019800F058FC3A468046294648469B
:108B800000F06EFCC268064602BB0146019800F088
:108B90004BFC024631464846099200F007FADDE9EF
:108BA000092342EA0301089B19435E4610D1BAF13A
:108BB000390F2BD0B8F1000F02DD059B03F1310A0C
:108BC000049B83F800A02DE52746BCE70122E1E7DE
:108BD000B8F1000F06DB0A9B48EA0308089B58EA35
:108BE000030820D1002AEBDD01990122484600F05C
:108BF000ADFB2946019000F017FC002803DCDFD113
:108C00001AF0010FDCD0BAF1390FD6D1049A39230A
:108C1000137033461E46013B16F8012C392A52D0F8
:108C200001321A70FEE4002A07DDBAF1390FEDD0E7
:108C3000049A0AF101031370F4E4069B0BF801ACEB
:108C40005B452AD0019900230A22484600F0D0F95A
:108C5000BC4201904FF000034FF00A022146484603
:108C600006D100F0C5F9044607460BF1010B75E784
:108C700000F0BEF93946044600230A22484600F0B7
:108C8000B7F90746F1E7059B5E1E002B009BD8BF96
:108C900000265A1C27461644002401990122484602
:108CA00000F054FB2946019000F0BEFB0028B0DC28
:108CB00002D11AF0010FACD133461E4613F8012D34
:108CC000302AFAD0AEE4009A9A42A3D1029B013333
:108CD00002933123AFE7239B002B7FF498AA134B19
:108CE000FFF7B7BA0A9B012B7FF72FAEDDF834A050
:108CF00001204EE6059B002B7FF7D7AE009E019822
:108D00002946FFF7B0F900F1300A009B06F801ABE5
:108D1000F21A059B9342B6DD019900230A224846C8
:108D200000F066F90190EAE7A79F0008289F000875
:108D300038B50546002941D051F8043C0C1F002BE2
:108D4000B8BFE41800F0E8F81D4A136833B963604F
:108D500014602846BDE8384000F0E4B8A34208D9C2
:108D6000206821188B4201BF19685B6809182160CF
:108D7000EDE71A465B680BB1A342FAD911685018A7
:108D8000A0420BD120680144501883421160E0D109
:108D900018685B68536008441060DAE702D90C2356
:108DA0002B60D6E7206821188B4204BF19685B68E6
:108DB000636004BF091821605460CAE738BD00BF72
:108DC000E0500020024B0146186800F025B800BFB3
:108DD0002800002070B50F4E0C463168054611B9C9
:108DE00000F0D8FC30602146284600F0D3FC431C3C
:108DF00003D14FF0FF34204670BDC41C24F003049F
:108E0000A042F8D0211A284600F0C4FC0130F2D16B
:108E1000EFE700BFDC5000202DE9F843CD1C25F022
:108E2000030508350C2D38BF0C25002D064601DB47
:108E3000A94204D90C2333600020BDE8F883DFF891
:108E4000D48000F069F8D8F800301C4644BB2946AD
:108E50003046FFF7BFFF431C044658D1D8F8004006
:108E60002746002F43D1002C4BD02368394630468B
:108E700004EB030900F08EFC814542D121686D1A94
:108E800029463046FFF7A6FF01303AD023682B442D
:108E90002360D8F800305A6862BBC8F800700FE051
:108EA0002268521B20D40B2A17D96119A3422560CE
:108EB00018BF5960636808BFC8F8001062514B6062
:108EC000304600F02FF804F10B00231D20F00700BE
:108ED000C21A1CBF1B1AA350AFE76268A3420CBFA3
:108EE000C8F800205A60EBE723466468AEE73C46CA
:108EF0007F68B6E71A465B68A342FBD10023536044
:108F0000DEE70C233360304600F00CF894E7056090
:108F1000D6E700BFE05000200148FFF794B800BF3B
:108F2000D85000200148FFF78FB800BFD85000206C
:108F300070B5C46905460E4684B91020FFF742FF9C
:108F40000446E86128B90246164B17486B2100F029
:108F500031FC0023C0E901330360C360E36853B907
:108F600021220421284600F043FCEB69E060DB6825
:108F70000BB9002070BD53F8260030B1026843F8E9
:108F800026200023C0E90333F4E7012101FA06F4A7
:108F9000621D9200284600F02BFC0028E9D0C0E9B1
:108FA0000164EEE7359F0008B89F000870B5C669F8
:108FB00005460C4676B91020FFF704FF0246E8612B
:108FC00020B9094B09488F2100F0F4FBC0E9016684
:108FD0000660C6603CB1EB696268DB6853F822103A
:108FE000216043F8224070BD359F0008B89F0008FB
:108FF0002DE9F0410D6907460C461E4601F1140C9F
:109000000020DCF8003099B202FB01611E0C0B0C51
:1090100002FB063389B2013001EB034185424CF873
:10902000041B4FEA1346ECDC0EB3A368AB4219DC19
:10903000616838460131FFF77BFF804628B9024658
:109040000C4B0D48BA2100F0B5FB2269023204F145
:109050000C0192000C30FEF7F8FF21463846FFF76E
:10906000A5FF444604EB850301355E61256120467A
:10907000BDE8F081A79F0008B89F0008B0F5803FC9
:10908000034636BF030400201020B3F1807F3CBFAD
:109090001B020830B3F1805F3CBF1B010430B3F109
:1090A000804F3CBF9B000230002B05DB13F0804F4C
:1090B00000F1010008BF202070470368024613F04A
:1090C00007000BD0D90721D4980749BF5B089B083C
:1090D000012013605CBF13600220704799B209B988
:1090E0001B0C1020D9B209B908301B0A190704BF9C
:1090F0001B090430990704BF9B080230D90703D429
:109100005B0800F1010003D0136070470020704736
:109110002020704710B50C460121FFF709FF0246D9
:1091200028B9054B054840F2451100F043FB0123E7
:109130004461036110BD00BFA79F0008B89F0008ED
:109140002DE9F04FD1F81090D2F810A0D14585B09C
:109150008846144604DB53460C46CA469046994658
:10916000A36861680AEB0906B342B8BF0131FFF793
:10917000DFFE30B90246454B45484FF4B17100F06F
:1091800019FB00F1140505EB86072B460022BB42B4
:109190001FD304F1140C08F114010CEB8A0301EB4A
:1091A000890202921A1B153A22F0030215349C42DE
:1091B00088BF00220192029A03918A420CD8002EA5
:1091C00003DD57F8043D002B5DD0066105B0BDE816
:1091D000F08F43F8042BDAE7B1F800A0BAF1000FE2
:1091E00024D0E046A9464FF0000E58F8042BD9F8D9
:1091F00000401FFA82FBA4B20AFB0B444FEA124B59
:10920000D9F8002074444FEA124E0AFB0BE202EB3D
:109210001442A4B244EA0244434549F8044B4FEADD
:10922000124EE2D8019AAA18C2F804E0039AB2F8E2
:1092300002800431B8F1000F23D02A68E646914637
:10924000AA464FF0000BBEF8004008FB04B404EB44
:10925000194492B242EA04424AF8042B5EF8042B05
:10926000DAF800904FEA124B1FFA89F208FB0B2242
:1092700002EB144273454FEA124BE4D8019C2C19BF
:109280006260043597E7013E99E700BFA79F000899
:10929000B89F00082DE9F843174612F003028046F4
:1092A0000D4607D0264C013A002354F82220FFF740
:1092B0009FFE0546BF103FD0D8F81C4094B910203F
:1092C000FFF780FD0446C8F81C0030B902461D4B6C
:1092D0001D4840F2B31100F06DFA0023C0E90133DC
:1092E0000360C360A66846B940F271214046FFF7AB
:1092F00011FF0023A060064603602C464FF00009D2
:1093000007F001037F1053B1294632464046FFF76C
:1093100017FF214605464046FFF748FE67B1306813
:1093200038B9324631464046FFF70AFF3060C0F890
:10933000009006462C46E3E72846BDE8F88300BFC8
:109340006CA00008359F0008B89F00082DE9F84F71
:109350000C464968236903EB6218A3680746154663
:109360004FEA621A08F101094B450BDB3846FFF75B
:10937000DFFD064648B90246294B2A484FF4EF71F3
:1093800000F018FA01315B00EEE7002300F1140C45
:1093900000F110021946534535DB22692AEAEA7AC0
:1093A0000CEB8A0C04F1140315F01F0E614603EB5D
:1093B00082022CD0CEF1200A002518688B4600FAD4
:1093C0000EF02843CBF8000053F8045B9A4201F1F9
:1093D000040125FA0AF5F0D8131B153B23F003030B
:1093E00004F115018A4238BF00239C44CCF8045094
:1093F00005B9C1463846C6F810902146FFF7D6FD9C
:109400003046BDE8F88F42F8041F0133C3E753F834
:10941000045B0D609A4201F10401F8D8E9E700BF4E
:10942000A79F0008B89F00080A6903460069801AD0
:1094300030B50ED11433143103EB820401EB8201F9
:1094400054F8045D51F8042D954203D005D24FF035
:10945000FF3030BDA342F3D3FBE70120F9E7000062
:109460002DE9F74F8A460646114650461446FFF747
:10947000DBFF051E12D129463046FFF759FD024693
:1094800028B9414B40F23721404800F093F90123BD
:10949000C0E90435104603B0BDE8F08FBCBF5346A9
:1094A000A2463046DAF80410BABF1C460125002552
:1094B000FFF73EFD024618B9334B40F24521E3E782
:1094C000DAF810702669C5600AF1140904F1140E67
:1094D00000F114050AF1100309EB87080EEB86066C
:1094E0000193AB464FF0000C019B5EF8040B53F860
:1094F00004AF01931FFA8AF3194683B2CB1A000C0A
:109500006344C0EB1A4000EB23409BB243EA0043A4
:1095100076454BF8043B4FEA204CE5D8331B153B0E
:10952000153423F00303A64238BF0023E8184B4448
:109530001C1D04302646A5EB0905464506EB050E25
:109540000ED308F10301091B21F0030101339845F3
:1095500038BF0021014451F8043D9BB1176199E7E0
:1095600056F8041BE2464FEA11491CFA81FC5144AB
:1095700009EB2C4989B241EA09414FEA294CCEF85E
:109580000010DAE7013FE6E7A79F0008B89F000850
:109590002DE9F7430F46012159EC108B1646FFF7D2
:1095A000C7FC044630B90246234B244840F20F3131
:1095B00000F000F9C9F30A55C9F313030DB143F4E0
:1095C00080130193B8F1000323D068460093FFF79E
:1095D00074FD0099D8B1019AC0F1200302FA03F397
:1095E0000B43C24063610192019BA361002B0CBF3E
:1095F000012202222261A5B1A5F2334505443D6056
:10960000C0F135003060204603B0BDE8F0836161F1
:10961000EAE701A8FFF751FD019B636120300122B9
:10962000E8E704EB8203A0F2324038601869FFF7E4
:1096300025FDC0EB4210E5E7A79F0008B89F000892
:10964000B1F90C202DE9F041160705460C4651D41E
:109650004B68002B02DC0B6C002B49DDE66A002E08
:1096600046D0002312F480522F682B6031D0626DF7
:10967000A389590705D56368D21A636B0BB1236CB4
:10968000D21A0023E66A216A2846B047421CB4F980
:109690000C3006D129681D2946D8294ACA40D60768
:1096A00042D500226260D9042269226004D5421C9E
:1096B00001D12B6803B96065616B2F60C1B104F102
:1096C0004403994202D02846FFF732FB002363632C
:1096D0000EE0216A01232846B0470246501CC7D13C
:1096E0002B68002BC4D01D2B01D0162B1AD12F6054
:1096F00000201EE00F69002FFAD093070E6808BF04
:109700004B690F6018BF0023A6EB07088B60B8F108
:10971000000FEDDD216AA66A43463A462846B04767
:10972000002808DCB4F90C3043F04003A3814FF06B
:10973000FF30BDE8F0810744A8EB0008E7E700BF71
:109740000100402038B50B6905460C4613B90025C9
:10975000284638BD18B1036A0BB9FEF77DFBB4F992
:109760000C30002BF3D0626ED00704D4990502D4DC
:10977000A06DFEF768FC28462146FFF761FF636E87
:10978000DA070546E4D4A3899B05E1D4A06DFEF772
:109790005BFCDDE738B5064D0023044608462B6028
:1097A000F7F7FAFD431C02D12B6803B1236038BDE3
:1097B000D45000201FB514461A46094B1B680546B5
:1097C000D8684CB1074B0091CDE9013406492B46CE
:1097D00000F042F800F052F8044B1C46F3E700BFDB
:1097E000280000201EA000082BA0000859A0000897
:1097F00070B5A1FB025434B92946FFF70DFB0646AC
:1098000028B9304670BD0C2202600026F9E72A46CE
:109810002146FEF79BFBF4E782B001B901A942B1F2
:109820004BB113780B601278101E18BF012002B0E4
:1098300070471046FBE76FF00100F8E70346084663
:1098400041B1FF2A04D98A221A604FF0FF307047D5
:109850000A700120704700000EB403B5014603AB47
:10986000054853F8042B0068019300F037F802B064
:109870005DF804EB03B070472800002008B506200F
:1098800000F0FAF90120F7F757FD9368013B002B30
:1098900010B4936008DA9469A34201DB0A2903D16A
:1098A0005DF8044B00F02EB91368581C1060197055
:1098B00008465DF8044B7047F8B506460F46144657
:1098C000D518AC4201D1002007E014F8011B3A463C
:1098D0003046FFF7DAFF431CF3D1F8BD2DE9F0471E
:1098E0000D469CB014461F46064618B1036A0BB9D4
:1098F000FEF7B2FA6B6ED90705D4AB899A0502D48C
:10990000A86DFEF7A0FBAB891B0701D52B699BB99E
:109910002946304600F034F970B16B6EDC0704D58F
:109920004FF0FF301CB0BDE8F087AB899805F7D445
:10993000A86DFEF789FBF3E70023099320238DF838
:109940002930039730236A4F8DF82A304FF00108F1
:109950002346994613F8012B0AB1252AF9D1B9EB10
:10996000040A0BD05346224629463046FFF7A4FF8F
:10997000013000F0A480099A5244099299F800300D
:10998000002B00F09C8000234FF0FF32CDE905232F
:1099900009F10109049307938DF853301A934C464B
:1099A000534814F8011B0522F6F75AFE049BD0B960
:1099B000D90644BF20228DF853201A0744BF2B221A
:1099C0008DF8532099F800202A2A13D0079A4C4684
:1099D00000204FF00A0C214611F8013B303B092BC7
:1099E00049D968B913E0C01B08FA00F01843049085
:1099F000A146D4E7039A111D12680391002A01DBE6
:109A0000079204E0524243F0020307920493237842
:109A10002E2B0AD163782A2B32D1039B1A1D1B6887
:109A2000039243EAE37302340593DFF8D49021787C
:109A300003224846F6F714FE38B1049BA0EB090058
:109A40004022824013430134049314F8011B294837
:109A50008DF828100622F6F703FE00283ED026488F
:109A600018BB039B073323F0070308330393099BB9
:109A7000034409936CE70CFB02320C460120AAE771
:109A800000230134059319464FF00A0C204610F8C4
:109A9000012B303A092A03D9002BC6D00591C4E71F
:109AA0000CFB012104460123F0E703AB00932A4697
:109AB000124B04A93046FDF785FD431CD7D16B6ED0
:109AC000D90705D4AB899A0502D4A86DFEF7BCFA74
:109AD000AB895B063FF524AF099823E703AB0093FE
:109AE0002A46064B04A93046FEF702F8E5E700BF18
:109AF0005AA0000864A00008C5750008B9980008BD
:109B000060A00008F8B50E461446054618B1036A71
:109B10000BB9FEF7A1F9A369A360A3891A0701D5C0
:109B2000236943B92146284600F02AF818B14FF0BE
:109B3000FF373846F8BD23682269981A6369F6B280
:109B40008342374605DC21462846FFF7FBFD002807
:109B5000EDD1A368013BA36023685A1C22601E70EC
:109B60006269431C9A4204D0A389DB07E1D50A2E1F
:109B7000DFD121462846FFF7E5FD0028D9D0D6E7FA
:109B800038B5284B054618680C4618B1036A0BB95E
:109B9000FEF762F9B4F90C301A0721D4D80607D4BD
:109BA00009222A6043F04003A3814FF0FF3030E0E8
:109BB000590712D5616B41B104F14403994202D0B7
:109BC0002846FFF7B5F8002363630022B4F90C3090
:109BD00062602269226023F0240343F00803A3811A
:109BE00022693AB99A0501D5180603D521462846B7
:109BF00000F082F8B4F90C3013F001020AD0002210
:109C0000A26062695242A261226942B913F08000E7
:109C1000C8D138BD990758BF6269A260F4E7002037
:109C2000F7E700BF280000201F2938B505460C467D
:109C300004D9162303604FF0FF3038BDC26B12B158
:109C400052F821304BB9284600F030F82246014640
:109C50002846BDE8384000F017B8012B0AD0591C3F
:109C600003D1162303600120E7E7002142F8241006
:109C7000204698470020E0E7024B01461868FFF7AE
:109C8000D3BF00BF2800002038B5074D002304468D
:109C9000084611462B60F7F747FB431C02D12B689F
:109CA00003B1236038BD00BFD4500020F7F73ABBA2
:109CB00070B50C46B1F90E10002996B015461E4637
:109CC0000ADAA18911F0800113D14FF480620020DB
:109CD00031602A6016B070BD6A4600F047F800286F
:109CE000EFDB019901F47041A1F50053594259414C
:109CF000EBE700214022EAE78B8973B59E07054612
:109D00000C4607D504F147032360236101236361F7
:109D100002B070BD01AB6A46FFF7CAFF009E28463D
:109D20003146FFF779F8B4F90C3038B99A05EFD419
:109D300023F0030343F00203A381E3E743F080032E
:109D4000A381019B2060C4E90406002BE0D0B4F994
:109D50000E10284600F01CF80028D9D0A38923F063
:109D6000030343F00103A381D2E7000038B5074D98
:109D700000230446084611462B60F7F704FB431CFA
:109D800002D12B6803B1236038BD00BFD45000203E
:109D900038B5064D0023044608462B60F7F7F8FA5D
:109DA000431C02D12B6803B1236038BDD45000207E
:109DB000F8B500BFF8BC08BC9E467047F8B500BFB8
:089DC000F8BC08BC9E46704788
:109DC800696E69745461736B0000000064656661B4
:109DD800756C745461736B006576656E7400000071
:109DE800636F6D6D000000006C6364006C65640057
:109DF80049444C4500000000546D725100000000B9
:109E0800546D722053766300C89D0008000000005E
:109E18000000000000000000000000000004000036
:109E2800080000000000000000000000D49D0008A9
:109E3800000000000000000000000000000000001A
:109E480000020000180000000000000000000000F0
:109E580000000000010203040000000000000000F0
:109E68000102030406070809E09D0008000000003D
:109E78000000000000000000E89D0008000000004D
:109E880000000000000000000000000000020000C8
:109E9800080000000000000000000000F09D00081D
:109EA80000000000000000000000000000000000AA
:109EB800000400000800000000000000000000008E
:109EC800F49D0008000000000000000000000000F1
:109ED8000000000000020000080000000000000070
:109EE800000000000006101600061016494E460035
:109EF800696E66004E414E006E616E003000303172
:109F080032333435363738394142434445460030D8
:109F18003132333435363738396162636465660007
:109F2800496E66696E697479004E614E0052454506
:109F38004E54206D616C6C6F632073756363656547
:109F4800646564002F646174612F6A656E6B696E65
:109F5800732F776F726B73706163652F474E552D42
:109F6800746F6F6C636861696E2F61726D2D313427
:109F78002D352F7372632F6E65776C69622D637947
:109F88006777696E2F6E65776C69622F6C6962639B
:109F98002F7374646C69622F64746F612E6300425E
:109FA800616C6C6F632073756363656564656400D9
:109FB8002F646174612F6A656E6B696E732F776F9A
:109FC800726B73706163652F474E552D746F6F6C9C
:109FD800636861696E2F61726D2D31342D352F7371
:109FE80072632F6E65776C69622D63796777696E26
:109FF8002F6E65776C69622F6C6962632F73746466
:10A008006C69622F6D707265632E63004300504F58
:10A01800534958002E002C2066756E6374696F6E64
:10A028003A2000617373657274696F6E202225731C
:10A0380022206661696C65643A2066696C65202235
:10A048002573222C206C696E652025642573257381
:10A058000A00232D302B2000686C4C00656667458C
:10A068004647000005000000190000007D000000C0
:10A078000080E03779C34143176E05B5B5B89346FC
:10A08800F5F93FE9034F384D321D30F94877825AC8
:10A098003CBF737FDD4F1575000000000000F03FE6
:10A0A80000000000000024400000000000005940AB
:10A0B8000000000000408F40000000000088C340FE
:10A0C80000000000006AF8400000000080842E4173
:10A0D80000000000D01263410000000084D79741BF
:10A0E8000000000065CDCD41000000205FA00242C5
:10A0F800000000E876483742000000A2941A6D423A
:10A10800000040E59C30A2420000901EC4BCD6422C
:10A1180000003426F56B0C430080E03779C34143D7
:10A1280000A0D8855734764300C84E676DC1AB434D
:10A13800003D9160E458E143408CB5781DAF15446B
:10A1480050EFE2D6E41A4B4492D54D06CFF0804446
:10A15800F64AE1C7022DB544B49DD9794378EA445B
:10A1680000202020202020202020282828282820DF
:10A1780020202020202020202020202020202020D7
:10A18800208810101010101010101010101010103F
:10A19800100404040404040404040410101010102F
:10A1A80010104141414141410101010101010101F9
:10A1B800010101010101010101010101101010104B
:10A1C80010104242424242420202020202020202CB
:10A1D800020202020202020202020202101010101F
:10A1E8002000000000000000000000000000000047
:10A1F8000000000000000000000000000000000057
:10A208000000000000000000000000000000000046
:10A218000000000000000000000000000000000036
:10A228000000000000000000000000000000000026
:10A238000000000000000000000000000000000016
:10A248000000000000000000000000000000000006
:10A2580000000000000000000000000000000000F6
:04A2680000000000F2
:08A26C00F463FF7F0100000014
:04A27400190C0008B9
:04A27800F10B0008DE
:10A27C000024F400010000000200000003000000B4
:10A28C000100000010000000AAAAAAAA0000000009
:10A29C0003000000984F00202C000020000000005C
:10A2AC00984F002000500020685000200000000053
:10A2BC000000000000000000000000000000000092
:10A2CC000000000000000000000000000000000082
:10A2DC000000000000000000000000000000000072
:10A2EC00000000000000000043000000000000001F
:10A2FC000000000000000000000000000000000052
:10A30C0000000000000000004300000000000000FE
:10A31C000000000000000000000000000000000031
:10A32C0000000000000000004300000000000000DE
:10A33C000000000000000000000000000000000011
:10A34C0000000000000000004300000000000000BE
:10A35C0000000000000000000000000000000000F1
:10A36C00000000000000000043000000000000009E
:10A37C0000000000000000000000000000000000D1
:10A38C00000000000000000043000000000000007E
:10A39C0000000000000000000000000000000000B1
:10A3AC00000000000000000043000000000000005E
:10A3BC000000000000000000000000000000000091
:10A3CC0000000000000000003D98000819980008EB
:10A3DC000000000068A100081CA0000859A000089B
:10A3EC0059A0000859A0000859A0000859A000085D
:10A3FC0059A0000859A0000859A0000859A000084D
:10A40C00FFFFFFFFFFFFFFFFFFFFFFFFFFFF00004E
:10A41C0001004153434949000000000000000000C6
:10A42C000000000000000000000000000000000020
:10A43C0000004153434949000000000000000000A7
:10A44C000000000000000000000000000000000000
:04A45C0000000000FC
:040000050800713945
:00000001FF
